target_month,asset,method,information_cutoff,gap_sessions,target_start,target_end,return_anchor_date,horizon_sessions,target,forecast_decimal,evaluation_status,created_at_utc
2026-09,SPY,ridge_expanding,2026-08-31,0,2026-09-01,2026-09-08,2026-08-31,5,five_day_daily_log_return_rms,0.0075597857714649365,retrospective,2026-09-30T00:19:09.166557+00:00
2026-09,SPY,constant,2026-08-31,0,2026-09-01,2026-09-08,2026-08-31,5,five_day_daily_log_return_rms,0.0087654024895700098,retrospective,2026-09-30T00:19:09.166557+00:00
2026-09,SPY,rolling_20d_rms,2026-08-31,0,2026-09-01,2026-09-08,2026-08-31,5,five_day_daily_log_return_rms,0.0057799763196109671,retrospective,2026-09-30T00:19:09.166557+00:00
2026-10,SPY,ridge_expanding,2026-08-31,21,2026-10-01,2026-10-07,2026-09-30,5,five_day_daily_log_return_rms,0.0081176170913004591,prospective,2026-09-30T00:19:09.166557+00:00
2026-10,SPY,constant,2026-08-31,21,2026-10-01,2026-10-07,2026-09-30,5,five_day_daily_log_return_rms,0.008791146868930285,prospective,2026-09-30T00:19:09.166557+00:00
2026-10,SPY,rolling_20d_rms,2026-08-31,21,2026-10-01,2026-10-07,2026-09-30,5,five_day_daily_log_return_rms,0.0057799763196109671,prospective,2026-09-30T00:19:09.166557+00:00
2026-11,SPY,ridge_expanding,2026-08-31,43,2026-11-02,2026-11-06,2026-10-30,5,five_day_daily_log_return_rms,0.0084176621385093978,prospective,2026-09-30T00:19:09.166557+00:00
2026-11,SPY,constant,2026-08-31,43,2026-11-02,2026-11-06,2026-10-30,5,five_day_daily_log_return_rms,0.008796748482007604,prospective,2026-09-30T00:19:09.166557+00:00
2026-11,SPY,rolling_20d_rms,2026-08-31,43,2026-11-02,2026-11-06,2026-10-30,5,five_day_daily_log_return_rms,0.0057799763196109671,prospective,2026-09-30T00:19:09.166557+00:00
2026-12,SPY,ridge_expanding,2026-08-31,63,2026-12-01,2026-12-07,2026-11-30,5,five_day_daily_log_return_rms,0.0087006765870012194,prospective,2026-09-30T00:19:09.166557+00:00
2026-12,SPY,constant,2026-08-31,63,2026-12-01,2026-12-07,2026-11-30,5,five_day_daily_log_return_rms,0.0088169457142731906,prospective,2026-09-30T00:19:09.166557+00:00
2026-12,SPY,rolling_20d_rms,2026-08-31,63,2026-12-01,2026-12-07,2026-11-30,5,five_day_daily_log_return_rms,0.0057799763196109671,prospective,2026-09-30T00:19:09.166557+00:00
