evaluation,gap_sessions,method,n,mae,rmse,mean_error
april_fixed_origin,0,constant,1,0.0012533043686769624,0.0012533043686769624,0.0012533043686769624
april_fixed_origin,0,ridge_expanding,1,0.00013457692533753486,0.00013457692533753486,0.00013457692533753486
april_fixed_origin,0,rolling_20d_rms,1,0.0010849771175481387,0.0010849771175481387,0.0010849771175481387
april_fixed_origin,21,constant,1,0.0034551267015757187,0.0034551267015757187,-0.0034551267015757187
april_fixed_origin,21,ridge_expanding,1,0.0039854959341021068,0.0039854959341021068,-0.0039854959341021068
april_fixed_origin,21,rolling_20d_rms,1,0.003650246153831008,0.003650246153831008,-0.003650246153831008
april_fixed_origin,43,constant,1,0.0025529495823924456,0.0025529495823924456,0.0025529495823924456
april_fixed_origin,43,ridge_expanding,1,0.0025112346009406369,0.0025112346009406369,0.0025112346009406369
april_fixed_origin,43,rolling_20d_rms,1,0.0023517594925476521,0.0023517594925476521,0.0023517594925476521
april_fixed_origin,63,constant,1,0.001755246792727946,0.001755246792727946,-0.001755246792727946
april_fixed_origin,63,ridge_expanding,1,0.001870433998320575,0.001870433998320575,-0.001870433998320575
april_fixed_origin,63,rolling_20d_rms,1,0.0019775267022711322,0.0019775267022711322,-0.0019775267022711322
historical_monthly,0,constant,87,0.0042373303998286347,0.0067678819402078334,-0.0016953746918525903
historical_monthly,0,ridge_expanding,87,0.0033536573083690273,0.0053054293823570518,-0.000764361335892956
historical_monthly,0,rolling_20d_rms,87,0.0042290651964591247,0.0063575875644970546,0.00016170605101797339
historical_monthly,21,constant,86,0.004604756805198249,0.0078928185586015324,-0.0020760585738966168
historical_monthly,21,ridge_expanding,86,0.0045308078045223979,0.0077972282860936703,-0.0016998065911241853
historical_monthly,21,rolling_20d_rms,86,0.0057392462897185182,0.0095572716694369789,-0.00026807124463293624
historical_monthly,43,constant,85,0.0048617126405281251,0.0088673183111891794,-0.0018773534640295845
historical_monthly,43,ridge_expanding,85,0.0049090813730327055,0.00894015414012834,-0.0019452270815164179
historical_monthly,43,rolling_20d_rms,85,0.0062694544424895119,0.010854719475138211,-4.1947700430345753e-05
historical_monthly,63,constant,84,0.0048265068857485062,0.0088139222418963086,-0.0019858293245717399
historical_monthly,63,ridge_expanding,84,0.0049531118523530888,0.0088928897312301053,-0.0022239091797432811
historical_monthly,63,rolling_20d_rms,84,0.006228343812047378,0.011076957033699228,-0.00012786084494834495
