target_month,return_anchor_date,target_start,target_end,gap_sessions,status,information_cutoff,asset,method,forecast_decimal,horizon_sessions,created_at_utc
2026-09,2026-08-31,2026-09-01,2026-09-08,0,retrospective_created_after_anchor,2026-08-31,SPY,constant,0.0087654024895700098,5,2026-10-08T05:34:25.361723+00:00
2026-09,2026-08-31,2026-09-01,2026-09-08,0,retrospective_created_after_anchor,2026-08-31,SPY,rolling_20d_rms,0.0057799763196109671,5,2026-10-08T05:34:25.361723+00:00
2026-09,2026-08-31,2026-09-01,2026-09-08,0,retrospective_created_after_anchor,2026-08-31,SPY,ridge_expanding,0.0075597857714649365,5,2026-10-08T05:34:25.361723+00:00
2026-09,2026-08-31,2026-09-01,2026-09-08,0,retrospective_created_after_anchor,2026-08-31,SPY,ewma,0.0043189173668736524,5,2026-10-08T05:34:25.361723+00:00
2026-09,2026-08-31,2026-09-01,2026-09-08,0,retrospective_created_after_anchor,2026-08-31,SPY,ridge_ewma,0.0064366063426683252,5,2026-10-08T05:34:25.361723+00:00
2026-10,2026-09-30,2026-10-01,2026-10-07,21,retrospective_created_after_anchor,2026-08-31,SPY,constant,0.008791146868930285,5,2026-10-08T05:34:25.361723+00:00
2026-10,2026-09-30,2026-10-01,2026-10-07,21,retrospective_created_after_anchor,2026-08-31,SPY,rolling_20d_rms,0.0057799763196109671,5,2026-10-08T05:34:25.361723+00:00
2026-10,2026-09-30,2026-10-01,2026-10-07,21,retrospective_created_after_anchor,2026-08-31,SPY,ridge_expanding,0.0081176170913004591,5,2026-10-08T05:34:25.361723+00:00
2026-10,2026-09-30,2026-10-01,2026-10-07,21,retrospective_created_after_anchor,2026-08-31,SPY,ewma,0.0043189173668736524,5,2026-10-08T05:34:25.361723+00:00
2026-10,2026-09-30,2026-10-01,2026-10-07,21,retrospective_created_after_anchor,2026-08-31,SPY,ridge_ewma,0.0076222896082764179,5,2026-10-08T05:34:25.361723+00:00
2026-11,2026-10-30,2026-11-02,2026-11-06,43,prospective_pending_publication,2026-08-31,SPY,constant,0.008796748482007604,5,2026-10-08T05:34:25.361723+00:00
2026-11,2026-10-30,2026-11-02,2026-11-06,43,prospective_pending_publication,2026-08-31,SPY,rolling_20d_rms,0.0057799763196109671,5,2026-10-08T05:34:25.361723+00:00
2026-11,2026-10-30,2026-11-02,2026-11-06,43,prospective_pending_publication,2026-08-31,SPY,ridge_expanding,0.0084176621385093978,5,2026-10-08T05:34:25.361723+00:00
2026-11,2026-10-30,2026-11-02,2026-11-06,43,prospective_pending_publication,2026-08-31,SPY,ewma,0.0043189173668736524,5,2026-10-08T05:34:25.361723+00:00
2026-11,2026-10-30,2026-11-02,2026-11-06,43,prospective_pending_publication,2026-08-31,SPY,ridge_ewma,0.008389122518287568,5,2026-10-08T05:34:25.361723+00:00
2026-12,2026-11-30,2026-12-01,2026-12-07,63,prospective_pending_publication,2026-08-31,SPY,constant,0.0088169457142731906,5,2026-10-08T05:34:25.361723+00:00
2026-12,2026-11-30,2026-12-01,2026-12-07,63,prospective_pending_publication,2026-08-31,SPY,rolling_20d_rms,0.0057799763196109671,5,2026-10-08T05:34:25.361723+00:00
2026-12,2026-11-30,2026-12-01,2026-12-07,63,prospective_pending_publication,2026-08-31,SPY,ridge_expanding,0.0087006765870012194,5,2026-10-08T05:34:25.361723+00:00
2026-12,2026-11-30,2026-12-01,2026-12-07,63,prospective_pending_publication,2026-08-31,SPY,ewma,0.0043189173668736524,5,2026-10-08T05:34:25.361723+00:00
2026-12,2026-11-30,2026-12-01,2026-12-07,63,prospective_pending_publication,2026-08-31,SPY,ridge_ewma,0.0085669902682598432,5,2026-10-08T05:34:25.361723+00:00
