origin,target_start,target_end,method,forecast,actual,error,absolute_error
2022-12-30,2023-01-03,2023-01-09,constant,0.0090859435650590629,0.012025732253907285,-0.002939788688848222,0.002939788688848222
2022-12-30,2023-01-03,2023-01-09,rolling_20d_rms,0.011726639380114584,0.012025732253907285,-0.00029909287379270046,0.00029909287379270046
2022-12-30,2023-01-03,2023-01-09,ridge_expanding,0.010695702416290372,0.012025732253907285,-0.0013300298376169133,0.0013300298376169133
2022-12-30,2023-01-03,2023-01-09,ewma,0.011431168190166189,0.012025732253907285,-0.00059456406374109629,0.00059456406374109629
2022-12-30,2023-01-03,2023-01-09,ridge_ewma,0.011481854806912706,0.012025732253907285,-0.00054387744699457841,0.00054387744699457841
2023-01-31,2023-02-01,2023-02-07,constant,0.0090984975022502107,0.011324561916923234,-0.0022260644146730232,0.0022260644146730232
2023-01-31,2023-02-01,2023-02-07,rolling_20d_rms,0.010605518879026105,0.011324561916923234,-0.00071904303789712895,0.00071904303789712895
2023-01-31,2023-02-01,2023-02-07,ridge_expanding,0.0078932683623043638,0.011324561916923234,-0.0034312935546188701,0.0034312935546188701
2023-01-31,2023-02-01,2023-02-07,ewma,0.010926483991055906,0.011324561916923234,-0.0003980779258673274,0.0003980779258673274
2023-01-31,2023-02-01,2023-02-07,ridge_ewma,0.0089110917717535095,0.011324561916923234,-0.0024134701451697244,0.0024134701451697244
2023-02-28,2023-03-01,2023-03-07,constant,0.009107717704916014,0.010649296975051355,-0.0015415792701353407,0.0015415792701353407
2023-02-28,2023-03-01,2023-03-07,rolling_20d_rms,0.0099577542718958436,0.010649296975051355,-0.0006915427031555111,0.0006915427031555111
2023-02-28,2023-03-01,2023-03-07,ridge_expanding,0.0089732574591123316,0.010649296975051355,-0.0016760395159390231,0.0016760395159390231
2023-02-28,2023-03-01,2023-03-07,ewma,0.0083006684727083922,0.010649296975051355,-0.0023486285023429625,0.0023486285023429625
2023-02-28,2023-03-01,2023-03-07,ridge_ewma,0.0080682120510154939,0.010649296975051355,-0.0025810849240358608,0.0025810849240358608
2023-03-31,2023-04-03,2023-04-10,constant,0.0091250948936893745,0.0037013845365118621,0.0054237103571775124,0.0054237103571775124
2023-03-31,2023-04-03,2023-04-10,rolling_20d_rms,0.011412771887967422,0.0037013845365118621,0.0077113873514555601,0.0077113873514555601
2023-03-31,2023-04-03,2023-04-10,ridge_expanding,0.0088625244985505256,0.0037013845365118621,0.0051611399620386635,0.0051611399620386635
2023-03-31,2023-04-03,2023-04-10,ewma,0.010628217397085502,0.0037013845365118621,0.0069268328605736401,0.0069268328605736401
2023-03-31,2023-04-03,2023-04-10,ridge_ewma,0.0080647548005010703,0.0037013845365118621,0.0043633702639892082,0.0043633702639892082
2023-04-28,2023-05-01,2023-05-05,constant,0.0091010411854238488,0.010613447285477664,-0.0015124061000538151,0.0015124061000538151
2023-04-28,2023-05-01,2023-05-05,rolling_20d_rms,0.0078772955369732257,0.010613447285477664,-0.0027361517485044382,0.0027361517485044382
2023-04-28,2023-05-01,2023-05-05,ridge_expanding,0.0068067202141828091,0.010613447285477664,-0.0038067270712948548,0.0038067270712948548
2023-04-28,2023-05-01,2023-05-05,ewma,0.0106078103187649,0.010613447285477664,-5.6369667127634943e-06,5.6369667127634943e-06
2023-04-28,2023-05-01,2023-05-05,ridge_ewma,0.0089623534127559936,0.010613447285477664,-0.0016510938727216703,0.0016510938727216703
2023-05-31,2023-06-01,2023-06-07,constant,0.009091525289289755,0.0079494209712120973,0.0011421043180776577,0.0011421043180776577
2023-05-31,2023-06-01,2023-06-07,rolling_20d_rms,0.0078363565277136012,0.0079494209712120973,-0.00011306444349849613,0.00011306444349849613
2023-05-31,2023-06-01,2023-06-07,ridge_expanding,0.0088305974402813486,0.0079494209712120973,0.00088117646906925133,0.00088117646906925133
2023-05-31,2023-06-01,2023-06-07,ewma,0.007700505510399247,0.0079494209712120973,-0.00024891546081285028,0.00024891546081285028
2023-05-31,2023-06-01,2023-06-07,ridge_ewma,0.0082444413598055412,0.0079494209712120973,0.00029502038859344389,0.00029502038859344389
2023-06-30,2023-07-03,2023-07-10,constant,0.0090690917273850424,0.0039527560626663972,0.0051163356647186452,0.0051163356647186452
2023-06-30,2023-07-03,2023-07-10,rolling_20d_rms,0.0069597653262662013,0.0039527560626663972,0.003007009263599804,0.003007009263599804
2023-06-30,2023-07-03,2023-07-10,ridge_expanding,0.0049268254167861474,0.0039527560626663972,0.00097406935411975017,0.00097406935411975017
2023-06-30,2023-07-03,2023-07-10,ewma,0.0075413918208157606,0.0039527560626663972,0.0035886357581493633,0.0035886357581493633
2023-06-30,2023-07-03,2023-07-10,ridge_ewma,0.0062932112464625656,0.0039527560626663972,0.0023404551837961684,0.0023404551837961684
2023-07-31,2023-08-01,2023-08-07,constant,0.0090344601866378278,0.0078582217143346178,0.00117623847230321,0.00117623847230321
2023-07-31,2023-08-01,2023-08-07,rolling_20d_rms,0.0051561219450040295,0.0078582217143346178,-0.0027020997693305883,0.0027020997693305883
2023-07-31,2023-08-01,2023-08-07,ridge_expanding,0.00528608967275192,0.0078582217143346178,-0.0025721320415826978,0.0025721320415826978
2023-07-31,2023-08-01,2023-08-07,ewma,0.0054949777099199872,0.0078582217143346178,-0.0023632440044146306,0.0023632440044146306
2023-07-31,2023-08-01,2023-08-07,ridge_ewma,0.0059327407521429613,0.0078582217143346178,-0.0019254809621916565,0.0019254809621916565
2023-08-31,2023-09-01,2023-09-08,constant,0.0090168109274980732,0.0039862192182356553,0.005030591709262418,0.005030591709262418
2023-08-31,2023-09-01,2023-09-08,rolling_20d_rms,0.0074909573431461724,0.0039862192182356553,0.0035047381249105171,0.0035047381249105171
2023-08-31,2023-09-01,2023-09-08,ridge_expanding,0.0078922286698390066,0.0039862192182356553,0.0039060094516033513,0.0039060094516033513
2023-08-31,2023-09-01,2023-09-08,ewma,0.0080128650392851837,0.0039862192182356553,0.0040266458210495284,0.0040266458210495284
2023-08-31,2023-09-01,2023-09-08,ridge_ewma,0.0078031657291773599,0.0039862192182356553,0.0038169465109417046,0.0038169465109417046
2023-09-29,2023-10-02,2023-10-06,constant,0.0089978992141559761,0.0086472629154560575,0.00035063629869991862,0.00035063629869991862
2023-09-29,2023-10-02,2023-10-06,rolling_20d_rms,0.007154015457427527,0.0086472629154560575,-0.0014932474580285305,0.0014932474580285305
2023-09-29,2023-10-02,2023-10-06,ridge_expanding,0.0066346225390011577,0.0086472629154560575,-0.0020126403764548998,0.0020126403764548998
2023-09-29,2023-10-02,2023-10-06,ewma,0.0074357608755858812,0.0086472629154560575,-0.0012115020398701763,0.0012115020398701763
2023-09-29,2023-10-02,2023-10-06,ridge_ewma,0.0078124458947491761,0.0086472629154560575,-0.00083481702070688137,0.00083481702070688137
2023-10-31,2023-11-01,2023-11-07,constant,0.0089909187795163929,0.01066515137672963,-0.0016742325972132367,0.0016742325972132367
2023-10-31,2023-11-01,2023-11-07,rolling_20d_rms,0.0085839682852064097,0.01066515137672963,-0.0020811830915232199,0.0020811830915232199
2023-10-31,2023-11-01,2023-11-07,ridge_expanding,0.0079537754777388257,0.01066515137672963,-0.0027113758989908039,0.0027113758989908039
2023-10-31,2023-11-01,2023-11-07,ewma,0.0093584654078309078,0.01066515137672963,-0.0013066859688987218,0.0013066859688987218
2023-10-31,2023-11-01,2023-11-07,ridge_ewma,0.0082188123264912705,0.01066515137672963,-0.0024463390502383591,0.0024463390502383591
2023-11-30,2023-12-01,2023-12-07,constant,0.0089780964719601355,0.0052272039307142311,0.0037508925412459045,0.0037508925412459045
2023-11-30,2023-12-01,2023-12-07,rolling_20d_rms,0.0078561350371998129,0.0052272039307142311,0.0026289311064855818,0.0026289311064855818
2023-11-30,2023-12-01,2023-12-07,ridge_expanding,0.0078007148201531904,0.0052272039307142311,0.0025735108894389593,0.0025735108894389593
2023-11-30,2023-12-01,2023-12-07,ewma,0.0044204855030502881,0.0052272039307142311,-0.00080671842766394299,0.00080671842766394299
2023-11-30,2023-12-01,2023-12-07,ridge_ewma,0.0062729466708650438,0.0052272039307142311,0.0010457427401508127,0.0010457427401508127
2023-12-29,2024-01-02,2024-01-08,constant,0.00895122424931118,0.0078987987573012567,0.0010524254920099233,0.0010524254920099233
2023-12-29,2024-01-02,2024-01-08,rolling_20d_rms,0.0062330123890722783,0.0078987987573012567,-0.0016657863682289784,0.0016657863682289784
2023-12-29,2024-01-02,2024-01-08,ridge_expanding,0.0062840379943320517,0.0078987987573012567,-0.001614760762969205,0.001614760762969205
2023-12-29,2024-01-02,2024-01-08,ewma,0.0052882234356908522,0.0078987987573012567,-0.0026105753216104045,0.0026105753216104045
2023-12-29,2024-01-02,2024-01-08,ridge_ewma,0.0063244928808394336,0.0078987987573012567,-0.0015743058764618231,0.0015743058764618231
2024-01-31,2024-02-01,2024-02-07,constant,0.0089221411102702649,0.0085960033955654862,0.00032613771470477865,0.00032613771470477865
2024-01-31,2024-02-01,2024-02-07,rolling_20d_rms,0.0069655308717974235,0.0085960033955654862,-0.0016304725237680628,0.0016304725237680628
2024-01-31,2024-02-01,2024-02-07,ridge_expanding,0.0095260525944426896,0.0085960033955654862,0.0009300491988772034,0.0009300491988772034
2024-01-31,2024-02-01,2024-02-07,ewma,0.0086970812044582235,0.0085960033955654862,0.00010107780889273728,0.00010107780889273728
2024-01-31,2024-02-01,2024-02-07,ridge_ewma,0.0092330528902610075,0.0085960033955654862,0.0006370494946955213,0.0006370494946955213
2024-02-29,2024-03-01,2024-03-07,constant,0.0089162296281266179,0.0079053327268347236,0.0010108969012918943,0.0010108969012918943
2024-02-29,2024-03-01,2024-03-07,rolling_20d_rms,0.0078497016925763753,0.0079053327268347236,-5.5631034258348325e-05,5.5631034258348325e-05
2024-02-29,2024-03-01,2024-03-07,ridge_expanding,0.0063820027525090632,0.0079053327268347236,-0.0015233299743256604,0.0015233299743256604
2024-02-29,2024-03-01,2024-03-07,ewma,0.0065892887721389027,0.0079053327268347236,-0.0013160439546958209,0.0013160439546958209
2024-02-29,2024-03-01,2024-03-07,ridge_ewma,0.0064196547713606406,0.0079053327268347236,-0.001485677955474083,0.001485677955474083
2024-03-28,2024-04-01,2024-04-05,constant,0.0088905215247918126,0.0077942883062469791,0.0010962332185448335,0.0010962332185448335
2024-03-28,2024-04-01,2024-04-05,rolling_20d_rms,0.0061806736031877908,0.0077942883062469791,-0.0016136147030591883,0.0016136147030591883
2024-03-28,2024-04-01,2024-04-05,ridge_expanding,0.0063027872304795406,0.0077942883062469791,-0.0014915010757674384,0.0014915010757674384
2024-03-28,2024-04-01,2024-04-05,ewma,0.005069081241440618,0.0077942883062469791,-0.0027252070648063611,0.0027252070648063611
2024-03-28,2024-04-01,2024-04-05,ridge_ewma,0.005718600335204849,0.0077942883062469791,-0.0020756879710421301,0.0020756879710421301
2024-04-30,2024-05-01,2024-05-07,constant,0.008878322089338345,0.0084354309831848918,0.00044289110615345316,0.00044289110615345316
2024-04-30,2024-05-01,2024-05-07,rolling_20d_rms,0.0086185281331522222,0.0084354309831848918,0.00018309714996733034,0.00018309714996733034
2024-04-30,2024-05-01,2024-05-07,ridge_expanding,0.0086952233729799423,0.0084354309831848918,0.00025979238979505041,0.00025979238979505041
2024-04-30,2024-05-01,2024-05-07,ewma,0.0095926409777659545,0.0084354309831848918,0.0011572099945810627,0.0011572099945810627
2024-04-30,2024-05-01,2024-05-07,ridge_ewma,0.0090305797004094236,0.0084354309831848918,0.00059514871722453171,0.00059514871722453171
2024-05-31,2024-06-03,2024-06-07,constant,0.008854322318055826,0.0053476371338108883,0.0035066851842449377,0.0035066851842449377
2024-05-31,2024-06-03,2024-06-07,rolling_20d_rms,0.006169275366999934,0.0053476371338108883,0.00082163823318904573,0.00082163823318904573
2024-05-31,2024-06-03,2024-06-07,ridge_expanding,0.0061059980208970806,0.0053476371338108883,0.00075836088708619229,0.00075836088708619229
2024-05-31,2024-06-03,2024-06-07,ewma,0.006536240743254703,0.0053476371338108883,0.0011886036094438147,0.0011886036094438147
2024-05-31,2024-06-03,2024-06-07,ridge_ewma,0.0063587178124538454,0.0053476371338108883,0.0010110806786429571,0.0010110806786429571
2024-06-28,2024-07-01,2024-07-08,constant,0.0088206559990506913,0.0045481962259863867,0.0042724597730643046,0.0042724597730643046
2024-06-28,2024-07-01,2024-07-08,rolling_20d_rms,0.0046650462829261746,0.0045481962259863867,0.00011685005693978789,0.00011685005693978789
2024-06-28,2024-07-01,2024-07-08,ridge_expanding,0.0058679594198115768,0.0045481962259863867,0.0013197631938251901,0.0013197631938251901
2024-06-28,2024-07-01,2024-07-08,ewma,0.0034386127138763341,0.0045481962259863867,-0.0011095835121100526,0.0011095835121100526
2024-06-28,2024-07-01,2024-07-08,ridge_ewma,0.0052786582032811665,0.0045481962259863867,0.00073046197729477978,0.00073046197729477978
2024-07-31,2024-08-01,2024-08-07,constant,0.0088104434446703885,0.017660075184564337,-0.0088496317398939484,0.0088496317398939484
2024-07-31,2024-08-01,2024-08-07,rolling_20d_rms,0.0091734750716411743,0.017660075184564337,-0.0084866001129231625,0.0084866001129231625
2024-07-31,2024-08-01,2024-08-07,ridge_expanding,0.008266021340256606,0.017660075184564337,-0.0093940538443077308,0.0093940538443077308
2024-07-31,2024-08-01,2024-08-07,ewma,0.010969103381471572,0.017660075184564337,-0.0066909718030927646,0.0066909718030927646
2024-07-31,2024-08-01,2024-08-07,ridge_ewma,0.0084218805256526183,0.017660075184564337,-0.0092381946589117185,0.0092381946589117185
2024-08-30,2024-09-03,2024-09-09,constant,0.0088326617733040964,0.013073447785505274,-0.0042407860122011774,0.0042407860122011774
2024-08-30,2024-09-03,2024-09-09,rolling_20d_rms,0.011236335306990079,0.013073447785505274,-0.0018371124785151946,0.0018371124785151946
2024-08-30,2024-09-03,2024-09-09,ridge_expanding,0.0099710898230101885,0.013073447785505274,-0.0031023579624950854,0.0031023579624950854
2024-08-30,2024-09-03,2024-09-09,ewma,0.0072769882467807259,0.013073447785505274,-0.0057964595387245479,0.0057964595387245479
2024-08-30,2024-09-03,2024-09-09,ridge_ewma,0.0067457335939354159,0.013073447785505274,-0.006327714191569858,0.006327714191569858
2024-09-30,2024-10-01,2024-10-07,constant,0.0088266655628852688,0.0070543994533346218,0.001772266109550647,0.001772266109550647
2024-09-30,2024-10-01,2024-10-07,rolling_20d_rms,0.0084516745400292879,0.0070543994533346218,0.0013972750866946661,0.0013972750866946661
2024-09-30,2024-10-01,2024-10-07,ridge_expanding,0.0076131201107310989,0.0070543994533346218,0.00055872065739647706,0.00055872065739647706
2024-09-30,2024-10-01,2024-10-07,ewma,0.0051735572099152168,0.0070543994533346218,-0.001880842243419405,0.001880842243419405
2024-09-30,2024-10-01,2024-10-07,ridge_ewma,0.0054244653661051244,0.0070543994533346218,-0.0016299340872294975,0.0016299340872294975
2024-10-31,2024-11-01,2024-11-07,constant,0.0087965990792618926,0.01287980218676861,-0.0040832031075067176,0.0040832031075067176
2024-10-31,2024-11-01,2024-11-07,rolling_20d_rms,0.0070898521215815762,0.01287980218676861,-0.005789950065187034,0.005789950065187034
2024-10-31,2024-11-01,2024-11-07,ridge_expanding,0.010569885725632446,0.01287980218676861,-0.0023099164611361644,0.0023099164611361644
2024-10-31,2024-11-01,2024-11-07,ewma,0.0094926400931772039,0.01287980218676861,-0.0033871620935914063,0.0033871620935914063
2024-10-31,2024-11-01,2024-11-07,ridge_ewma,0.010063285935619563,0.01287980218676861,-0.0028165162511490476,0.0028165162511490476
2024-11-29,2024-12-02,2024-12-06,constant,0.0087887157047869119,0.0030997139624300116,0.0056890017423569007,0.0056890017423569007
2024-11-29,2024-12-02,2024-12-06,rolling_20d_rms,0.0078144029754117546,0.0030997139624300116,0.0047146890129817435,0.0047146890129817435
2024-11-29,2024-12-02,2024-12-06,ridge_expanding,0.0062411667782801376,0.0030997139624300116,0.003141452815850126,0.003141452815850126
2024-11-29,2024-12-02,2024-12-06,ewma,0.0053680386967212253,0.0030997139624300116,0.0022683247342912137,0.0022683247342912137
2024-11-29,2024-12-02,2024-12-06,ridge_ewma,0.0052266940498838475,0.0030997139624300116,0.0021269800874538359,0.0021269800874538359
2024-12-31,2025-01-02,2025-01-08,constant,0.0087785018612491477,0.0080600524225193006,0.00071844943872984707,0.00071844943872984707
2024-12-31,2025-01-02,2025-01-08,rolling_20d_rms,0.0091524781550634104,0.0080600524225193006,0.0010924257325441097,0.0010924257325441097
2024-12-31,2025-01-02,2025-01-08,ridge_expanding,0.008506431843530381,0.0080600524225193006,0.00044637942101108039,0.00044637942101108039
2024-12-31,2025-01-02,2025-01-08,ewma,0.0095495179920883251,0.0080600524225193006,0.0014894655695690245,0.0014894655695690245
2024-12-31,2025-01-02,2025-01-08,ridge_ewma,0.0089603593869857553,0.0080600524225193006,0.00090030696446645464,0.00090030696446645464
2025-01-31,2025-02-03,2025-02-07,constant,0.0087786188331384265,0.0063759913930324314,0.0024026274401059951,0.0024026274401059951
2025-01-31,2025-02-03,2025-02-07,rolling_20d_rms,0.008661334526096659,0.0063759913930324314,0.0022853431330642276,0.0022853431330642276
2025-01-31,2025-02-03,2025-02-07,ridge_expanding,0.0080421821002664221,0.0063759913930324314,0.0016661907072339907,0.0016661907072339907
2025-01-31,2025-02-03,2025-02-07,ewma,0.0074963007476833024,0.0063759913930324314,0.0011203093546508711,0.0011203093546508711
2025-01-31,2025-02-03,2025-02-07,ridge_ewma,0.0077118292909371354,0.0063759913930324314,0.001335837897904704,0.001335837897904704
2025-02-28,2025-03-03,2025-03-07,constant,0.0087643044422477234,0.013568404145940051,-0.0048040997036923275,0.0048040997036923275
2025-02-28,2025-03-03,2025-03-07,rolling_20d_rms,0.0079767405957258137,0.013568404145940051,-0.0055916635502142372,0.0055916635502142372
2025-02-28,2025-03-03,2025-03-07,ridge_expanding,0.0069013580483216945,0.013568404145940051,-0.0066670460976183564,0.0066670460976183564
2025-02-28,2025-03-03,2025-03-07,ewma,0.01094324190790062,0.013568404145940051,-0.0026251622380394305,0.0026251622380394305
2025-02-28,2025-03-03,2025-03-07,ridge_ewma,0.0085203684574160186,0.013568404145940051,-0.0050480356885240323,0.0050480356885240323
2025-03-31,2025-04-01,2025-04-07,constant,0.0087983254454870336,0.03533884272671458,-0.026540517281227548,0.026540517281227548
2025-03-31,2025-04-01,2025-04-07,rolling_20d_rms,0.012779771172397023,0.03533884272671458,-0.022559071554317557,0.022559071554317557
2025-03-31,2025-04-01,2025-04-07,ridge_expanding,0.010680735099762828,0.03533884272671458,-0.024658107626951753,0.024658107626951753
2025-03-31,2025-04-01,2025-04-07,ewma,0.011860478378848413,0.03533884272671458,-0.023478364347866168,0.023478364347866168
2025-03-31,2025-04-01,2025-04-07,ridge_ewma,0.0095436745903813396,0.03533884272671458,-0.02579516813633324,0.02579516813633324
2025-04-30,2025-05-01,2025-05-07,constant,0.0089547254403720133,0.0088105092924851067,0.00014421614788690668,0.00014421614788690668
2025-04-30,2025-05-01,2025-05-07,rolling_20d_rms,0.032702423612045395,0.0088105092924851067,0.023891914319560288,0.023891914319560288
2025-04-30,2025-05-01,2025-05-07,ridge_expanding,0.02316351006692105,0.0088105092924851067,0.014353000774435944,0.014353000774435944
2025-04-30,2025-05-01,2025-05-07,ewma,0.01673107752834033,0.0088105092924851067,0.0079205682358552236,0.0079205682358552236
2025-04-30,2025-05-01,2025-05-07,ridge_ewma,0.011870142275854211,0.0088105092924851067,0.0030596329833691045,0.0030596329833691045
2025-05-30,2025-06-02,2025-06-06,constant,0.0089627479043440546,0.00619360264532102,0.0027691452590230346,0.0027691452590230346
2025-05-30,2025-06-02,2025-06-06,rolling_20d_rms,0.010899668670842126,0.00619360264532102,0.0047060660255211061,0.0047060660255211061
2025-05-30,2025-06-02,2025-06-06,ridge_expanding,0.0086158400915870986,0.00619360264532102,0.0024222374462660786,0.0024222374462660786
2025-05-30,2025-06-02,2025-06-06,ewma,0.0093782747755466831,0.00619360264532102,0.0031846721302256631,0.0031846721302256631
2025-05-30,2025-06-02,2025-06-06,ridge_ewma,0.0112984575427265,0.00619360264532102,0.0051048548974054805,0.0051048548974054805
2025-06-30,2025-07-01,2025-07-08,constant,0.0089449280464074538,0.0052619873548638086,0.0036829406915436453,0.0036829406915436453
2025-06-30,2025-07-01,2025-07-08,rolling_20d_rms,0.006593272406085776,0.0052619873548638086,0.0013312850512219674,0.0013312850512219674
2025-06-30,2025-07-01,2025-07-08,ridge_expanding,0.0055817401775555241,0.0052619873548638086,0.0003197528226917155,0.0003197528226917155
2025-06-30,2025-07-01,2025-07-08,ewma,0.0065741409169741433,0.0052619873548638086,0.0013121535621103348,0.0013121535621103348
2025-06-30,2025-07-01,2025-07-08,ridge_ewma,0.0074831249226806869,0.0052619873548638086,0.0022211375678168783,0.0022211375678168783
2025-07-31,2025-08-01,2025-08-07,constant,0.0089060547790767251,0.01082081061889866,-0.0019147558398219348,0.0019147558398219348
2025-07-31,2025-08-01,2025-08-07,rolling_20d_rms,0.0042475506167515154,0.01082081061889866,-0.0065732600021471445,0.0065732600021471445
2025-07-31,2025-08-01,2025-08-07,ridge_expanding,0.0060325439089480145,0.01082081061889866,-0.0047882667099506454,0.0047882667099506454
2025-07-31,2025-08-01,2025-08-07,ewma,0.0034256551753473895,0.01082081061889866,-0.0073951554435512708,0.0073951554435512708
2025-07-31,2025-08-01,2025-08-07,ridge_ewma,0.0054575047437501068,0.01082081061889866,-0.0053633058751485531,0.0053633058751485531
2025-08-29,2025-09-02,2025-09-08,constant,0.008890388079683521,0.0058005963682079883,0.0030897917114755327,0.0030897917114755327
2025-08-29,2025-09-02,2025-09-08,rolling_20d_rms,0.0066386005340771286,0.0058005963682079883,0.0008380041658691403,0.0008380041658691403
2025-08-29,2025-09-02,2025-09-08,ridge_expanding,0.0073067565934881035,0.0058005963682079883,0.0015061602252801152,0.0015061602252801152
2025-08-29,2025-09-02,2025-09-08,ewma,0.0058552215887805199,0.0058005963682079883,5.462522057253158e-05,5.462522057253158e-05
2025-08-29,2025-09-02,2025-09-08,ridge_ewma,0.0066472789086134488,0.0058005963682079883,0.00084668254040546048,0.00084668254040546048
2025-09-30,2025-10-01,2025-10-07,constant,0.0088575043933955492,0.0028109900045957563,0.0060465143887997929,0.0060465143887997929
2025-09-30,2025-10-01,2025-10-07,rolling_20d_rms,0.0045343895973852365,0.0028109900045957563,0.0017233995927894803,0.0017233995927894803
2025-09-30,2025-10-01,2025-10-07,ridge_expanding,0.0047953441276709485,0.0028109900045957563,0.0019843541230751922,0.0019843541230751922
2025-09-30,2025-10-01,2025-10-07,ewma,0.0042942757111273924,0.0028109900045957563,0.0014832857065316361,0.0014832857065316361
2025-09-30,2025-10-01,2025-10-07,ridge_ewma,0.0051667081170286393,0.0028109900045957563,0.002355718112432883,0.002355718112432883
2025-10-31,2025-11-03,2025-11-07,constant,0.0088456745563177865,0.007416316302825382,0.0014293582534924045,0.0014293582534924045
2025-10-31,2025-11-03,2025-11-07,rolling_20d_rms,0.0091272708143570625,0.007416316302825382,0.0017109545115316805,0.0017109545115316805
2025-10-31,2025-11-03,2025-11-07,ridge_expanding,0.0075771901633732083,0.007416316302825382,0.00016087386054782632,0.00016087386054782632
2025-10-31,2025-11-03,2025-11-07,ewma,0.007310287143625094,0.007416316302825382,-0.00010602915920028804,0.00010602915920028804
2025-10-31,2025-11-03,2025-11-07,ridge_ewma,0.0059725791666910052,0.007416316302825382,-0.0014437371361343768,0.0014437371361343768
2025-11-28,2025-12-01,2025-12-05,constant,0.008847847920167547,0.0028442303567310155,0.0060036175634365311,0.0060036175634365311
2025-11-28,2025-12-01,2025-12-05,rolling_20d_rms,0.009211132868962392,0.0028442303567310155,0.006366902512231376,0.006366902512231376
2025-11-28,2025-12-01,2025-12-05,ridge_expanding,0.0075510603961424115,0.0028442303567310155,0.0047068300394113964,0.0047068300394113964
2025-11-28,2025-12-01,2025-12-05,ewma,0.0093720748219003527,0.0028442303567310155,0.0065278444651693367,0.0065278444651693367
2025-11-28,2025-12-01,2025-12-05,ridge_ewma,0.0078426939323570071,0.0028442303567310155,0.0049984635756259912,0.0049984635756259912
2025-12-31,2026-01-02,2026-01-08,constant,0.0088195079334543285,0.0043130547790213077,0.0045064531544330207,0.0045064531544330207
2025-12-31,2026-01-02,2026-01-08,rolling_20d_rms,0.0054921951899367513,0.0043130547790213077,0.0011791404109154436,0.0011791404109154436
2025-12-31,2026-01-02,2026-01-08,ridge_expanding,0.0058576305482750321,0.0043130547790213077,0.0015445757692537244,0.0015445757692537244
2025-12-31,2026-01-02,2026-01-08,ewma,0.0053832776190787333,0.0043130547790213077,0.0010702228400574255,0.0010702228400574255
2025-12-31,2026-01-02,2026-01-08,ridge_ewma,0.0065804345438438688,0.0043130547790213077,0.0022673797648225611,0.0022673797648225611
2026-01-30,2026-02-02,2026-02-06,constant,0.0087979036826223538,0.011307877774779046,-0.0025099740921566919,0.0025099740921566919
2026-01-30,2026-02-02,2026-02-06,rolling_20d_rms,0.0063702344214569629,0.011307877774779046,-0.0049376433533220828,0.0049376433533220828
2026-01-30,2026-02-02,2026-02-06,ridge_expanding,0.013079159066599816,0.011307877774779046,0.0017712812918207702,0.0017712812918207702
2026-01-30,2026-02-02,2026-02-06,ewma,0.0053911466289147609,0.011307877774779046,-0.0059167311458642848,0.0059167311458642848
2026-01-30,2026-02-02,2026-02-06,ridge_ewma,0.0092313266143098285,0.011307877774779046,-0.0020765511604692172,0.0020765511604692172
2026-02-27,2026-03-02,2026-03-06,constant,0.0087900613749394077,0.0081666621131731305,0.00062339926176627723,0.00062339926176627723
2026-02-27,2026-03-02,2026-03-06,rolling_20d_rms,0.0080332933882817058,0.0081666621131731305,-0.00013336872489142469,0.00013336872489142469
2026-02-27,2026-03-02,2026-03-06,ridge_expanding,0.0093395755790368247,0.0081666621131731305,0.0011729134658636942,0.0011729134658636942
2026-02-27,2026-03-02,2026-03-06,ewma,0.0069551676540104178,0.0081666621131731305,-0.0012114944591627127,0.0012114944591627127
2026-02-27,2026-03-02,2026-03-06,ridge_ewma,0.0076331006169663256,0.0081666621131731305,-0.00053356149620680492,0.00053356149620680492
2026-03-31,2026-04-01,2026-04-08,constant,0.0087939336219266129,0.011934341054795799,-0.0031404074328691862,0.0031404074328691862
2026-03-31,2026-04-01,2026-04-08,rolling_20d_rms,0.011676637226950065,0.011934341054795799,-0.00025770382784573442,0.00025770382784573442
2026-03-31,2026-04-01,2026-04-08,ridge_expanding,0.009449797452518274,0.011934341054795799,-0.0024845436022775252,0.0024845436022775252
2026-03-31,2026-04-01,2026-04-08,ewma,0.016349860031638831,0.011934341054795799,0.004415518976843032,0.004415518976843032
2026-03-31,2026-04-01,2026-04-08,ridge_ewma,0.010933609558311751,0.011934341054795799,-0.0010007314964840478,0.0010007314964840478
2026-04-30,2026-05-01,2026-05-07,constant,0.008802234333503179,0.0075489299648262165,0.0012533043686769624,0.0012533043686769624
2026-04-30,2026-05-01,2026-05-07,rolling_20d_rms,0.0086339070823743553,0.0075489299648262165,0.0010849771175481387,0.0010849771175481387
2026-04-30,2026-05-01,2026-05-07,ridge_expanding,0.0076835068901637514,0.0075489299648262165,0.00013457692533753486,0.00013457692533753486
2026-04-30,2026-05-01,2026-05-07,ewma,0.0071198895616949301,0.0075489299648262165,-0.00042904040313128649,0.00042904040313128649
2026-04-30,2026-05-01,2026-05-07,ridge_ewma,0.0082868131746289559,0.0075489299648262165,0.00073788320980273936,0.00073788320980273936
2026-05-29,2026-06-01,2026-06-05,constant,0.0087866662135179987,0.012302702252839097,-0.0035160360393210986,0.0035160360393210986
2026-05-29,2026-06-01,2026-06-05,rolling_20d_rms,0.0065121379383142755,0.012302702252839097,-0.0057905643145248218,0.0057905643145248218
2026-05-29,2026-06-01,2026-06-05,ridge_expanding,0.0063040831609743192,0.012302702252839097,-0.0059986190918647781,0.0059986190918647781
2026-05-29,2026-06-01,2026-06-05,ewma,0.005290228812516575,0.012302702252839097,-0.0070124734403225223,0.0070124734403225223
2026-05-29,2026-06-01,2026-06-05,ridge_ewma,0.0063157025207319943,0.012302702252839097,-0.005986999732107103,0.005986999732107103
2026-06-30,2026-07-01,2026-07-08,constant,0.0087954095190008793,0.0047187172521666407,0.0040766922668342385,0.0040766922668342385
2026-06-30,2026-07-01,2026-07-08,rolling_20d_rms,0.011271912997408935,0.0047187172521666407,0.0065531957452422945,0.0065531957452422945
2026-06-30,2026-07-01,2026-07-08,ridge_expanding,0.0096505909129367667,0.0047187172521666407,0.0049318736607701259,0.0049318736607701259
2026-06-30,2026-07-01,2026-07-08,ewma,0.010258973326473329,0.0047187172521666407,0.0055402560743066879,0.0055402560743066879
2026-06-30,2026-07-01,2026-07-08,ridge_ewma,0.0080754445294106848,0.0047187172521666407,0.003356727277244044,0.003356727277244044
2026-07-31,2026-08-03,2026-08-07,constant,0.0087819107749091702,0.010611433784645487,-0.0018295230097363172,0.0018295230097363172
2026-07-31,2026-08-03,2026-08-07,rolling_20d_rms,0.0077962221282333747,0.010611433784645487,-0.0028152116564121128,0.0028152116564121128
2026-07-31,2026-08-03,2026-08-07,ridge_expanding,0.0072410288015916776,0.010611433784645487,-0.0033704049830538098,0.0033704049830538098
2026-07-31,2026-08-03,2026-08-07,ewma,0.010082738683718314,0.010611433784645487,-0.00052869510092717377,0.00052869510092717377
2026-07-31,2026-08-03,2026-08-07,ridge_ewma,0.0084628635054487724,0.010611433784645487,-0.002148570279196715,0.002148570279196715
