Date,asset,stock_analysis_adjusted_close,yahoo_adjusted_close,difference,matches_when_rounded_to_cents
2026-09-30,SPY,762.63,762.6300048828125,4.8828125045474735e-06,True
2026-09-30,QQQ,739.76999999999998,739.77001953125,1.9531250018189894e-05,True
2026-09-30,IWM,277.88999999999999,277.8900146484375,1.4648437513642421e-05,True
2026-09-30,TLT,77.469999999999999,77.467994689941406,-0.0020053100585926131,True
2026-09-30,GLD,380.83999999999997,380.83999633789062,-3.6621093499888957e-06,True
2026-09-30,USO,145.66,145.66000366210938,3.6621093784106051e-06,True
2026-09-30,EEM,66.790000000000006,66.790000915527344,9.1552733749722393e-07,True
2026-09-30,VNQ,89.629999999999995,89.629997253417969,-2.7465820267025265e-06,True
2026-10-01,SPY,763.99000000000001,763.989990234375,-9.765625009094947e-06,True
2026-10-01,QQQ,742.02999999999997,742.030029296875,2.9296875027284841e-05,True
2026-10-01,IWM,279.01999999999998,279.01998901367188,-1.0986328106810106e-05,True
2026-10-01,TLT,77.709999999999994,77.709999084472656,-9.1552733749722393e-07,True
2026-10-01,GLD,382.75999999999999,382.760009765625,9.765625009094947e-06,True
2026-10-01,USO,150.02000000000001,150.02000427246094,4.2724609272681846e-06,True
2026-10-01,EEM,66.810000000000002,66.80999755859375,-2.4414062522737368e-06,True
2026-10-01,VNQ,89.170000000000002,89.169998168945312,-1.8310546892053026e-06,True
2026-10-02,SPY,769.63999999999999,769.6400146484375,1.4648437513642421e-05,True
2026-10-02,QQQ,749.58000000000004,749.58001708984375,1.7089843709072738e-05,True
2026-10-02,IWM,281.51999999999998,281.51998901367188,-1.0986328106810106e-05,True
2026-10-02,TLT,77.480000000000004,77.480003356933594,3.3569335897709607e-06,True
2026-10-02,GLD,380.13999999999999,380.1400146484375,1.4648437513642421e-05,True
2026-10-02,USO,147.37,147.3699951171875,-4.8828125045474735e-06,True
2026-10-02,EEM,67.670000000000002,67.669998168945312,-1.8310546892053026e-06,True
2026-10-02,VNQ,89.5,89.5,0,True
2026-10-05,SPY,774.83000000000004,774.83001708984375,1.7089843709072738e-05,True
2026-10-05,QQQ,756.20000000000005,756.20001220703125,1.2207031204525265e-05,True
2026-10-05,IWM,283.38,283.3800048828125,4.8828125045474735e-06,True
2026-10-05,TLT,77.109999999999999,77.110000610351562,6.1035156306843419e-07,True
2026-10-05,GLD,379.55000000000001,379.54998779296881,-1.2207031204525265e-05,True
2026-10-05,USO,143.99000000000001,143.99000549316406,5.493164053405053e-06,True
2026-10-05,EEM,68.730000000000004,68.730003356933594,3.3569335897709607e-06,True
2026-10-05,VNQ,89.150000000000006,89.150001525878906,1.5258789005656581e-06,True
2026-10-06,SPY,779.09000000000003,779.09002685546875,2.6855468718167685e-05,True
2026-10-06,QQQ,759.65999999999997,759.65997314453125,-2.6855468718167685e-05,True
2026-10-06,IWM,281.33999999999997,281.33999633789062,-3.6621093499888957e-06,True
2026-10-06,TLT,77.280000000000001,77.279998779296875,-1.2207031261368684e-06,True
2026-10-06,GLD,382.26999999999998,382.26998901367188,-1.0986328106810106e-05,True
2026-10-06,USO,144.91,144.91000366210938,3.6621093784106051e-06,True
2026-10-06,EEM,68.269999999999996,68.269996643066406,-3.3569335897709607e-06,True
2026-10-06,VNQ,89.930000000000007,89.930000305175781,3.0517577442878974e-07,True
2026-10-07,SPY,777.22000000000003,777.219970703125,-2.9296875027284841e-05,True
2026-10-07,QQQ,757.73000000000002,757.72998046875,-1.9531250018189894e-05,True
2026-10-07,IWM,277.69999999999999,277.70001220703125,1.2207031261368684e-05,True
2026-10-07,TLT,77.150000000000006,77.150001525878906,1.5258789005656581e-06,True
2026-10-07,GLD,375.88,375.8800048828125,4.8828125045474735e-06,True
2026-10-07,USO,143.91,143.91000366210938,3.6621093784106051e-06,True
2026-10-07,EEM,67.370000000000005,67.370002746582031,2.7465820267025265e-06,True
2026-10-07,VNQ,88.689999999999998,88.69000244140625,2.4414062522737368e-06,True
