method,decay,n,mae
ewma,0.80000000000000004,24,0.0031035638024139709
ridge_ewma,0.80000000000000004,24,0.0027226906164925656
ewma,0.90000000000000002,24,0.0032573636821745093
ridge_ewma,0.90000000000000002,24,0.0026518503038283022
ewma,0.93999999999999995,24,0.0036301076066582532
ridge_ewma,0.93999999999999995,24,0.0027468758278767608
ewma,0.96999999999999997,24,0.0039145413589544951
ridge_ewma,0.96999999999999997,24,0.0027202315664344311
ewma,0.98999999999999999,24,0.0045797056187175372
ridge_ewma,0.98999999999999999,24,0.002719479431723315
