target_month,method,forecast_decimal_original,forecast_decimal_reconstructed,difference
2026-09,constant,0.0087654024895699994,0.0087654068063243006,-4.3167543012367915e-09
2026-09,rolling_20d_rms,0.0057799763196109003,0.0057799652446967999,1.107491410037853e-08
2026-09,ridge_expanding,0.0075597857714649001,0.0075597878834741004,-2.1120092003404367e-09
2026-09,ewma,0.0043189173668736003,0.0043189250248301999,-7.6579565995785193e-09
2026-09,ridge_ewma,0.0064366063426683001,0.0064366109933935,-4.6507251999158838e-09
2026-10,constant,0.0087911468689302,0.0087911517823477999,-4.9134175998666318e-09
2026-10,rolling_20d_rms,0.0057799763196109003,0.0057799652446967999,1.107491410037853e-08
2026-10,ridge_expanding,0.0081176170913004001,0.0081176114034208994,5.6878795007264671e-09
2026-10,ewma,0.0043189173668736003,0.0043189250248301999,-7.6579565995785193e-09
2026-10,ridge_ewma,0.0076222896082763997,0.0076222925287225997,-2.9204461999762787e-09
2026-11,constant,0.0087967484820076006,0.0087967536496606994,-5.1676530988392644e-09
2026-11,rolling_20d_rms,0.0057799763196109003,0.0057799652446967999,1.107491410037853e-08
2026-11,ridge_expanding,0.0084176621385093006,0.0084176653415530996,-3.203043798943872e-09
2026-11,ewma,0.0043189173668736003,0.0043189250248301999,-7.6579565995785193e-09
2026-11,ridge_ewma,0.0083891225182875003,0.0083891243032045999,-1.7849170995398733e-09
2026-12,constant,0.0088169457142731004,0.0088169514266552007,-5.7123821003285391e-09
2026-12,rolling_20d_rms,0.0057799763196109003,0.0057799652446967999,1.107491410037853e-08
2026-12,ridge_expanding,0.0087006765870012003,0.0087006754440937997,1.1429074006641393e-09
2026-12,ewma,0.0043189173668736003,0.0043189250248301999,-7.6579565995785193e-09
2026-12,ridge_ewma,0.0085669902682597998,0.0085669904444631,-1.7620330021450581e-10
