series,lag_sessions,acf,n
Signed return,0,1,2931
Signed return,1,-0.116176757767,2931
Signed return,2,0.0669856064099,2931
Signed return,3,-0.025947085676,2931
Signed return,4,-0.0605849821008,2931
Signed return,5,0.041120271643,2931
Signed return,6,-0.0859988756906,2931
Signed return,7,0.114088008999,2931
Signed return,8,-0.0997710852252,2931
Signed return,9,0.108104446458,2931
Signed return,10,-0.0356057568446,2931
Signed return,11,0.0111996820556,2931
Signed return,12,0.0149567894292,2931
Signed return,13,-0.059258175421,2931
Signed return,14,0.0339134105732,2931
Signed return,15,-0.0756385366318,2931
Signed return,16,0.0466545444852,2931
Signed return,17,-0.020243901287,2931
Signed return,18,0.0345570596937,2931
Signed return,19,-0.0162390516443,2931
Signed return,20,-0.0025342644277,2931
Signed return,21,0.0443022084841,2931
Signed return,22,-0.0773217522606,2931
Signed return,23,0.00567089977582,2931
Signed return,24,-0.0101730310048,2931
Signed return,25,-0.0158261105435,2931
Signed return,26,-0.0371108116419,2931
Signed return,27,0.0277660391339,2931
Signed return,28,0.00725329941534,2931
Signed return,29,-0.0163184438632,2931
Signed return,30,-0.00345405519129,2931
Signed return,31,-0.0360874611146,2931
Signed return,32,-0.00449852443102,2931
Signed return,33,-0.0141637295193,2931
Signed return,34,0.00847226401193,2931
Signed return,35,0.00200951304561,2931
Signed return,36,0.0326814280199,2931
Signed return,37,-0.0220794647147,2931
Signed return,38,0.00126487092128,2931
Signed return,39,0.00159337223534,2931
Signed return,40,-0.00181970192021,2931
Squared return,0,1,2931
Squared return,1,0.420217119124,2931
Squared return,2,0.452787040217,2931
Squared return,3,0.350331910258,2931
Squared return,4,0.330112557765,2931
Squared return,5,0.282684727892,2931
Squared return,6,0.311170436819,2931
Squared return,7,0.23979061482,2931
Squared return,8,0.287920527796,2931
Squared return,9,0.213954312454,2931
Squared return,10,0.214117407409,2931
Squared return,11,0.184546750456,2931
Squared return,12,0.148532000304,2931
Squared return,13,0.141397273547,2931
Squared return,14,0.133348460579,2931
Squared return,15,0.151905157294,2931
Squared return,16,0.105870803462,2931
Squared return,17,0.123983055045,2931
Squared return,18,0.0836681366562,2931
Squared return,19,0.0604610682547,2931
Squared return,20,0.0962307790464,2931
Squared return,21,0.0417250432197,2931
Squared return,22,0.0704142130683,2931
Squared return,23,0.0499995074351,2931
Squared return,24,0.0438689641526,2931
Squared return,25,0.070150755413,2931
Squared return,26,0.0380655200205,2931
Squared return,27,0.0496762576905,2931
Squared return,28,0.0306601527812,2931
Squared return,29,0.0414456911151,2931
Squared return,30,0.0339868685342,2931
Squared return,31,0.0199703558841,2931
Squared return,32,0.025833618048,2931
Squared return,33,0.0365979263613,2931
Squared return,34,0.0166663687804,2931
Squared return,35,0.0203209839893,2931
Squared return,36,0.0167602679123,2931
Squared return,37,-0.00158061949687,2931
Squared return,38,0.0255886439219,2931
Squared return,39,-0.000103530764931,2931
Squared return,40,0.0158387490352,2931
Absolute return,0,1,2931
Absolute return,1,0.352209126912,2931
Absolute return,2,0.382890939022,2931
Absolute return,3,0.359865974982,2931
Absolute return,4,0.355325527197,2931
Absolute return,5,0.309157062831,2931
Absolute return,6,0.313231558614,2931
Absolute return,7,0.279420158516,2931
Absolute return,8,0.297094632891,2931
Absolute return,9,0.276835040144,2931
Absolute return,10,0.264558808878,2931
Absolute return,11,0.244120651084,2931
Absolute return,12,0.212247852164,2931
Absolute return,13,0.222246810905,2931
Absolute return,14,0.192990831036,2931
Absolute return,15,0.191771530404,2931
Absolute return,16,0.189656393015,2931
Absolute return,17,0.18063863278,2931
Absolute return,18,0.161778560935,2931
Absolute return,19,0.150838029973,2931
Absolute return,20,0.178162451415,2931
Absolute return,21,0.129213214349,2931
Absolute return,22,0.147699779358,2931
Absolute return,23,0.139917023187,2931
Absolute return,24,0.136593753848,2931
Absolute return,25,0.14705776525,2931
Absolute return,26,0.121251587786,2931
Absolute return,27,0.117164623692,2931
Absolute return,28,0.100656689571,2931
Absolute return,29,0.143406875423,2931
Absolute return,30,0.124045708872,2931
Absolute return,31,0.0738279816627,2931
Absolute return,32,0.104902025958,2931
Absolute return,33,0.117047797528,2931
Absolute return,34,0.0771239073335,2931
Absolute return,35,0.0961359899431,2931
Absolute return,36,0.0833295614628,2931
Absolute return,37,0.054602173239,2931
Absolute return,38,0.0874146950036,2931
Absolute return,39,0.0634912681885,2931
Absolute return,40,0.0840280130887,2931
