evaluation,origin,gap_sessions,target_start,target_end
historical_monthly,2019-01-31,0,2019-02-01,2019-02-07
historical_monthly,2019-02-28,0,2019-03-01,2019-03-07
historical_monthly,2019-03-29,0,2019-04-01,2019-04-05
historical_monthly,2019-04-30,0,2019-05-01,2019-05-07
historical_monthly,2019-05-31,0,2019-06-03,2019-06-07
historical_monthly,2019-06-28,0,2019-07-01,2019-07-08
historical_monthly,2019-07-31,0,2019-08-01,2019-08-07
historical_monthly,2019-08-30,0,2019-09-03,2019-09-09
historical_monthly,2019-09-30,0,2019-10-01,2019-10-07
historical_monthly,2019-10-31,0,2019-11-01,2019-11-07
historical_monthly,2019-11-29,0,2019-12-02,2019-12-06
historical_monthly,2019-12-31,0,2020-01-02,2020-01-08
historical_monthly,2020-01-31,0,2020-02-03,2020-02-07
historical_monthly,2020-02-28,0,2020-03-02,2020-03-06
historical_monthly,2020-03-31,0,2020-04-01,2020-04-07
historical_monthly,2020-04-30,0,2020-05-01,2020-05-07
historical_monthly,2020-05-29,0,2020-06-01,2020-06-05
historical_monthly,2020-06-30,0,2020-07-01,2020-07-08
historical_monthly,2020-07-31,0,2020-08-03,2020-08-07
historical_monthly,2020-08-31,0,2020-09-01,2020-09-08
historical_monthly,2020-09-30,0,2020-10-01,2020-10-07
historical_monthly,2020-10-30,0,2020-11-02,2020-11-06
historical_monthly,2020-11-30,0,2020-12-01,2020-12-07
historical_monthly,2020-12-31,0,2021-01-04,2021-01-08
historical_monthly,2021-01-29,0,2021-02-01,2021-02-05
historical_monthly,2021-02-26,0,2021-03-01,2021-03-05
historical_monthly,2021-03-31,0,2021-04-01,2021-04-08
historical_monthly,2021-04-30,0,2021-05-03,2021-05-07
historical_monthly,2021-05-28,0,2021-06-01,2021-06-07
historical_monthly,2021-06-30,0,2021-07-01,2021-07-08
historical_monthly,2021-07-30,0,2021-08-02,2021-08-06
historical_monthly,2021-08-31,0,2021-09-01,2021-09-08
historical_monthly,2021-09-30,0,2021-10-01,2021-10-07
historical_monthly,2021-10-29,0,2021-11-01,2021-11-05
historical_monthly,2021-11-30,0,2021-12-01,2021-12-07
historical_monthly,2021-12-31,0,2022-01-03,2022-01-07
historical_monthly,2022-01-31,0,2022-02-01,2022-02-07
historical_monthly,2022-02-28,0,2022-03-01,2022-03-07
historical_monthly,2022-03-31,0,2022-04-01,2022-04-07
historical_monthly,2022-04-29,0,2022-05-02,2022-05-06
historical_monthly,2022-05-31,0,2022-06-01,2022-06-07
historical_monthly,2022-06-30,0,2022-07-01,2022-07-08
historical_monthly,2022-07-29,0,2022-08-01,2022-08-05
historical_monthly,2022-08-31,0,2022-09-01,2022-09-08
historical_monthly,2022-09-30,0,2022-10-03,2022-10-07
historical_monthly,2022-10-31,0,2022-11-01,2022-11-07
historical_monthly,2022-11-30,0,2022-12-01,2022-12-07
historical_monthly,2022-12-30,0,2023-01-03,2023-01-09
historical_monthly,2023-01-31,0,2023-02-01,2023-02-07
historical_monthly,2023-02-28,0,2023-03-01,2023-03-07
historical_monthly,2023-03-31,0,2023-04-03,2023-04-10
historical_monthly,2023-04-28,0,2023-05-01,2023-05-05
historical_monthly,2023-05-31,0,2023-06-01,2023-06-07
historical_monthly,2023-06-30,0,2023-07-03,2023-07-10
historical_monthly,2023-07-31,0,2023-08-01,2023-08-07
historical_monthly,2023-08-31,0,2023-09-01,2023-09-08
historical_monthly,2023-09-29,0,2023-10-02,2023-10-06
historical_monthly,2023-10-31,0,2023-11-01,2023-11-07
historical_monthly,2023-11-30,0,2023-12-01,2023-12-07
historical_monthly,2023-12-29,0,2024-01-02,2024-01-08
historical_monthly,2024-01-31,0,2024-02-01,2024-02-07
historical_monthly,2024-02-29,0,2024-03-01,2024-03-07
historical_monthly,2024-03-28,0,2024-04-01,2024-04-05
historical_monthly,2024-04-30,0,2024-05-01,2024-05-07
historical_monthly,2024-05-31,0,2024-06-03,2024-06-07
historical_monthly,2024-06-28,0,2024-07-01,2024-07-08
historical_monthly,2024-07-31,0,2024-08-01,2024-08-07
historical_monthly,2024-08-30,0,2024-09-03,2024-09-09
historical_monthly,2024-09-30,0,2024-10-01,2024-10-07
historical_monthly,2024-10-31,0,2024-11-01,2024-11-07
historical_monthly,2024-11-29,0,2024-12-02,2024-12-06
historical_monthly,2024-12-31,0,2025-01-02,2025-01-08
historical_monthly,2025-01-31,0,2025-02-03,2025-02-07
historical_monthly,2025-02-28,0,2025-03-03,2025-03-07
historical_monthly,2025-03-31,0,2025-04-01,2025-04-07
historical_monthly,2025-04-30,0,2025-05-01,2025-05-07
historical_monthly,2025-05-30,0,2025-06-02,2025-06-06
historical_monthly,2025-06-30,0,2025-07-01,2025-07-08
historical_monthly,2025-07-31,0,2025-08-01,2025-08-07
historical_monthly,2025-08-29,0,2025-09-02,2025-09-08
historical_monthly,2025-09-30,0,2025-10-01,2025-10-07
historical_monthly,2025-10-31,0,2025-11-03,2025-11-07
historical_monthly,2025-11-28,0,2025-12-01,2025-12-05
historical_monthly,2025-12-31,0,2026-01-02,2026-01-08
historical_monthly,2026-01-30,0,2026-02-02,2026-02-06
historical_monthly,2026-02-27,0,2026-03-02,2026-03-06
historical_monthly,2026-03-31,0,2026-04-01,2026-04-08
april_fixed_origin,2026-04-30,0,2026-05-01,2026-05-07
april_fixed_origin,2026-04-30,21,2026-06-02,2026-06-08
april_fixed_origin,2026-04-30,43,2026-07-06,2026-07-10
april_fixed_origin,2026-04-30,63,2026-08-03,2026-08-07
september_retrospective,2026-08-31,0,2026-09-01,2026-09-08
