evaluation,origin,gap_sessions,target_start,target_end,method,forecast,actual,error,absolute_error
historical_monthly,2019-01-31,0,2019-02-01,2019-02-07,ridge_expanding,0.0078097402416055,0.0056633618896256,0.0021463783519799,0.0021463783519799
historical_monthly,2019-01-31,0,2019-02-01,2019-02-07,constant,0.0071280940871458,0.0056633618896256,0.0014647321975201997,0.0014647321975201997
historical_monthly,2019-01-31,0,2019-02-01,2019-02-07,rolling_20d_rms,0.0120440175903442,0.0056633618896256,0.006380655700718599,0.006380655700718599
historical_monthly,2019-02-28,0,2019-03-01,2019-03-07,ridge_expanding,0.0054835636861488,0.0056806393352069,-0.00019707564905809948,0.00019707564905809948
historical_monthly,2019-02-28,0,2019-03-01,2019-03-07,constant,0.0071064195198498,0.0056806393352069,0.0014257801846428997,0.0014257801846428997
historical_monthly,2019-02-28,0,2019-03-01,2019-03-07,rolling_20d_rms,0.0054715177550734,0.0056806393352069,-0.00020912158013349988,0.00020912158013349988
historical_monthly,2019-03-29,0,2019-04-01,2019-04-05,ridge_expanding,0.0057488492829145,0.005865934652227,-0.00011708536931249926,0.00011708536931249926
historical_monthly,2019-03-29,0,2019-04-01,2019-04-05,constant,0.0070959935910931,0.005865934652227,0.0012300589388661003,0.0012300589388661003
historical_monthly,2019-03-29,0,2019-04-01,2019-04-05,rolling_20d_rms,0.007346317449544,0.005865934652227,0.0014803827973170003,0.0014803827973170003
historical_monthly,2019-04-30,0,2019-05-01,2019-05-07,ridge_expanding,0.0042066262393029,0.0095611541441491,-0.005354527904846199,0.005354527904846199
historical_monthly,2019-04-30,0,2019-05-01,2019-05-07,constant,0.0070404376122215,0.0095611541441491,-0.0025207165319275993,0.0025207165319275993
historical_monthly,2019-04-30,0,2019-05-01,2019-05-07,rolling_20d_rms,0.0034525271673331,0.0095611541441491,-0.006108626976815999,0.006108626976815999
historical_monthly,2019-05-31,0,2019-06-03,2019-06-07,ridge_expanding,0.0118003589834171,0.0116893606166326,0.00011099836678449965,0.00011099836678449965
historical_monthly,2019-05-31,0,2019-06-03,2019-06-07,constant,0.0070734496679531,0.0116893606166326,-0.0046159109486795,0.0046159109486795
historical_monthly,2019-05-31,0,2019-06-03,2019-06-07,rolling_20d_rms,0.0098390684524068,0.0116893606166326,-0.0018502921642257995,0.0018502921642257995
historical_monthly,2019-06-28,0,2019-07-01,2019-07-08,ridge_expanding,0.0060900637320101,0.0060582322791968,3.18314528132994e-05,3.18314528132994e-05
historical_monthly,2019-06-28,0,2019-07-01,2019-07-08,constant,0.0070747789057771,0.0060582322791968,0.0010165466265803,0.0010165466265803
historical_monthly,2019-06-28,0,2019-07-01,2019-07-08,rolling_20d_rms,0.0073154125539461,0.0060582322791968,0.0012571802747492998,0.0012571802747492998
historical_monthly,2019-07-31,0,2019-08-01,2019-08-07,ridge_expanding,0.0068581275540673,0.0158760175600543,-0.009017890005987,0.009017890005987
historical_monthly,2019-07-31,0,2019-08-01,2019-08-07,constant,0.0070324548103565,0.0158760175600543,-0.0088435627496978,0.0088435627496978
historical_monthly,2019-07-31,0,2019-08-01,2019-08-07,rolling_20d_rms,0.0051136711853188,0.0158760175600543,-0.0107623463747355,0.0107623463747355
historical_monthly,2019-08-30,0,2019-09-03,2019-09-09,ridge_expanding,0.0112952494504432,0.0080720335160027,0.0032232159344405004,0.0032232159344405004
historical_monthly,2019-08-30,0,2019-09-03,2019-09-09,constant,0.0071630174785804,0.0080720335160027,-0.0009090160374223,0.0009090160374223
historical_monthly,2019-08-30,0,2019-09-03,2019-09-09,rolling_20d_rms,0.0147542975312039,0.0080720335160027,0.0066822640152012,0.0066822640152012
historical_monthly,2019-09-30,0,2019-10-01,2019-10-07,ridge_expanding,0.006013619463043,0.012056211876037,-0.006042592412994,0.006042592412994
historical_monthly,2019-09-30,0,2019-10-01,2019-10-07,constant,0.0071302204365487,0.012056211876037,-0.004925991439488301,0.004925991439488301
historical_monthly,2019-09-30,0,2019-10-01,2019-10-07,rolling_20d_rms,0.0053806352866951,0.012056211876037,-0.006675576589341901,0.006675576589341901
historical_monthly,2019-10-31,0,2019-11-01,2019-11-07,ridge_expanding,0.0069851551469125,0.0047896389956431,0.0021955161512694004,0.0021955161512694004
historical_monthly,2019-10-31,0,2019-11-01,2019-11-07,constant,0.0071354806064939,0.0047896389956431,0.0023458416108508,0.0023458416108508
historical_monthly,2019-10-31,0,2019-11-01,2019-11-07,rolling_20d_rms,0.0068790653540483,0.0047896389956431,0.0020894263584052006,0.0020894263584052006
historical_monthly,2019-11-29,0,2019-12-02,2019-12-06,ridge_expanding,0.0063162873911902,0.0069540577554869,-0.0006377703642966998,0.0006377703642966998
historical_monthly,2019-11-29,0,2019-12-02,2019-12-06,constant,0.0070774887410983,0.0069540577554869,0.00012343098561139968,0.00012343098561139968
historical_monthly,2019-11-29,0,2019-12-02,2019-12-06,rolling_20d_rms,0.0038949217770123,0.0069540577554869,-0.0030591359784746,0.0030591359784746
historical_monthly,2019-12-31,0,2020-01-02,2020-01-08,ridge_expanding,0.0046313436878278,0.0062467947576571,-0.0016154510698292998,0.0016154510698292998
historical_monthly,2019-12-31,0,2020-01-02,2020-01-08,constant,0.0070369247976067,0.0062467947576571,0.0007901300399496,0.0007901300399496
historical_monthly,2019-12-31,0,2020-01-02,2020-01-08,rolling_20d_rms,0.0045390337438724,0.0062467947576571,-0.0017077610137847003,0.0017077610137847003
historical_monthly,2020-01-31,0,2020-02-03,2020-02-07,ridge_expanding,0.0095717612698786,0.0095420493106398,2.9711959238799476e-05,2.9711959238799476e-05
historical_monthly,2020-01-31,0,2020-02-03,2020-02-07,constant,0.0070235910309982,0.0095420493106398,-0.002518458279641601,0.002518458279641601
historical_monthly,2020-01-31,0,2020-02-03,2020-02-07,rolling_20d_rms,0.0074055398483547,0.0095420493106398,-0.002136509462285101,0.002136509462285101
historical_monthly,2020-02-28,0,2020-03-02,2020-03-06,ridge_expanding,0.0132719138769002,0.0339330808922728,-0.0206611670153726,0.0206611670153726
historical_monthly,2020-02-28,0,2020-03-02,2020-03-06,constant,0.0070911509383863,0.0339330808922728,-0.0268419299538865,0.0268419299538865
historical_monthly,2020-02-28,0,2020-03-02,2020-03-06,rolling_20d_rms,0.0162405144598328,0.0339330808922728,-0.01769256643244,0.01769256643244
historical_monthly,2020-03-31,0,2020-04-01,2020-04-07,ridge_expanding,0.0455173123324503,0.0376293557552343,0.007887956577215999,0.007887956577215999
historical_monthly,2020-03-31,0,2020-04-01,2020-04-07,constant,0.0078708428326568,0.0376293557552343,-0.0297585129225775,0.0297585129225775
historical_monthly,2020-03-31,0,2020-04-01,2020-04-07,rolling_20d_rms,0.0575536839470736,0.0376293557552343,0.0199243281918393,0.0199243281918393
historical_monthly,2020-04-30,0,2020-05-01,2020-05-07,ridge_expanding,0.0218136362517257,0.0141573502615115,0.007656285990214199,0.007656285990214199
historical_monthly,2020-04-30,0,2020-05-01,2020-05-07,constant,0.0081482367282444,0.0141573502615115,-0.006009113533267101,0.006009113533267101
historical_monthly,2020-04-30,0,2020-05-01,2020-05-07,rolling_20d_rms,0.0237941863941327,0.0141573502615115,0.0096368361326212,0.0096368361326212
historical_monthly,2020-05-29,0,2020-06-01,2020-06-05,ridge_expanding,0.0114373757979002,0.0134638479861907,-0.002026472188290499,0.002026472188290499
historical_monthly,2020-05-29,0,2020-06-01,2020-06-05,constant,0.0082402187387739,0.0134638479861907,-0.005223629247416799,0.005223629247416799
historical_monthly,2020-05-29,0,2020-06-01,2020-06-05,rolling_20d_rms,0.0139486650872024,0.0134638479861907,0.000484817101011701,0.000484817101011701
historical_monthly,2020-06-30,0,2020-07-01,2020-07-08,ridge_expanding,0.0124719897531637,0.0097887065260244,0.0026832832271393003,0.0026832832271393003
historical_monthly,2020-06-30,0,2020-07-01,2020-07-08,constant,0.0083605328244213,0.0097887065260244,-0.0014281737016030999,0.0014281737016030999
historical_monthly,2020-06-30,0,2020-07-01,2020-07-08,rolling_20d_rms,0.0187315879721998,0.0097887065260244,0.0089428814461754,0.0089428814461754
historical_monthly,2020-07-31,0,2020-08-03,2020-08-07,ridge_expanding,0.0070306479636033,0.0054054715191791,0.0016251764444241996,0.0016251764444241996
historical_monthly,2020-07-31,0,2020-08-03,2020-08-07,constant,0.0083727452203193,0.0054054715191791,0.0029672737011402,0.0029672737011402
historical_monthly,2020-07-31,0,2020-08-03,2020-08-07,rolling_20d_rms,0.0086171084662101,0.0054054715191791,0.003211636947031,0.003211636947031
historical_monthly,2020-08-31,0,2020-09-01,2020-09-08,ridge_expanding,0.0068041480617872,0.0217036037067187,-0.0148994556449315,0.0148994556449315
historical_monthly,2020-08-31,0,2020-09-01,2020-09-08,constant,0.0083376371567275,0.0217036037067187,-0.0133659665499912,0.0133659665499912
historical_monthly,2020-08-31,0,2020-09-01,2020-09-08,rolling_20d_rms,0.0059067575631373,0.0217036037067187,-0.0157968461435814,0.0157968461435814
historical_monthly,2020-09-30,0,2020-10-01,2020-10-07,ridge_expanding,0.0111494173397776,0.0137386612817743,-0.002589243941996699,0.002589243941996699
historical_monthly,2020-09-30,0,2020-10-01,2020-10-07,constant,0.0084233349426213,0.0137386612817743,-0.0053153263391529995,0.0053153263391529995
historical_monthly,2020-09-30,0,2020-10-01,2020-10-07,rolling_20d_rms,0.0154634818880556,0.0137386612817743,0.0017248206062813014,0.0017248206062813014
historical_monthly,2020-10-30,0,2020-11-02,2020-11-06,ridge_expanding,0.0113483965328036,0.0160761873382785,-0.004727790805474901,0.004727790805474901
historical_monthly,2020-10-30,0,2020-11-02,2020-11-06,constant,0.0084677879944562,0.0160761873382785,-0.0076083993438223006,0.0076083993438223006
historical_monthly,2020-10-30,0,2020-11-02,2020-11-06,rolling_20d_rms,0.0130094802605713,0.0160761873382785,-0.003066707077707202,0.003066707077707202
historical_monthly,2020-11-30,0,2020-12-01,2020-12-07,ridge_expanding,0.0093538862313589,0.0063353963748447,0.0030184898565142,0.0030184898565142
historical_monthly,2020-11-30,0,2020-12-01,2020-12-07,constant,0.0085138068115216,0.0063353963748447,0.002178410436676901,0.002178410436676901
historical_monthly,2020-11-30,0,2020-12-01,2020-12-07,rolling_20d_rms,0.0111907536454945,0.0063353963748447,0.0048553572706498,0.0048553572706498
historical_monthly,2020-12-31,0,2021-01-04,2021-01-08,ridge_expanding,0.0043253343494867,0.0102012399216434,-0.0058759055721566995,0.0058759055721566995
historical_monthly,2020-12-31,0,2021-01-04,2021-01-08,constant,0.0084692599855974,0.0102012399216434,-0.0017319799360459992,0.0017319799360459992
historical_monthly,2020-12-31,0,2021-01-04,2021-01-08,rolling_20d_rms,0.0052690423418653,0.0102012399216434,-0.0049321975797781,0.0049321975797781
historical_monthly,2021-01-29,0,2021-02-01,2021-02-05,ridge_expanding,0.0110913233808997,0.0110765479114971,1.477546940259998e-05,1.477546940259998e-05
historical_monthly,2021-01-29,0,2021-02-01,2021-02-05,constant,0.0084675887244442,0.0110765479114971,-0.0026089591870529,0.0026089591870529
historical_monthly,2021-01-29,0,2021-02-01,2021-02-05,rolling_20d_rms,0.0101016806496191,0.0110765479114971,-0.000974867261878001,0.000974867261878001
historical_monthly,2021-02-26,0,2021-03-01,2021-03-05,ridge_expanding,0.0117721233225373,0.0161257318465434,-0.004353608524006099,0.004353608524006099
historical_monthly,2021-02-26,0,2021-03-01,2021-03-05,constant,0.0084623237978312,0.0161257318465434,-0.007663408048712199,0.007663408048712199
historical_monthly,2021-02-26,0,2021-03-01,2021-03-05,rolling_20d_rms,0.0098148617093468,0.0161257318465434,-0.006310870137196599,0.006310870137196599
historical_monthly,2021-03-31,0,2021-04-01,2021-04-08,ridge_expanding,0.008291314067685,0.0082773954448596,1.391862282539881e-05,1.391862282539881e-05
historical_monthly,2021-03-31,0,2021-04-01,2021-04-08,constant,0.0084902177784265,0.0082773954448596,0.00021282233356689946,0.00021282233356689946
historical_monthly,2021-03-31,0,2021-04-01,2021-04-08,rolling_20d_rms,0.0089008065676198,0.0082773954448596,0.0006234111227602004,0.0006234111227602004
historical_monthly,2021-04-30,0,2021-05-03,2021-05-07,ridge_expanding,0.0076568928279713,0.0056369983694788,0.0020198944584925004,0.0020198944584925004
historical_monthly,2021-04-30,0,2021-05-03,2021-05-07,constant,0.008466724520131,0.0056369983694788,0.0028297261506521993,0.0028297261506521993
historical_monthly,2021-04-30,0,2021-05-03,2021-05-07,rolling_20d_rms,0.0066380712455037,0.0056369983694788,0.0010010728760249006,0.0010010728760249006
historical_monthly,2021-05-28,0,2021-06-01,2021-06-07,ridge_expanding,0.0065961726210078,0.0044923050152686,0.0021038676057392,0.0021038676057392
historical_monthly,2021-05-28,0,2021-06-01,2021-06-07,constant,0.0084626972760941,0.0044923050152686,0.003970392260825501,0.003970392260825501
historical_monthly,2021-05-28,0,2021-06-01,2021-06-07,rolling_20d_rms,0.00863958719127,0.0044923050152686,0.0041472821760014005,0.0041472821760014005
historical_monthly,2021-06-30,0,2021-07-01,2021-07-08,ridge_expanding,0.0051386338912376,0.0058510136828581,-0.0007123797916205,0.0007123797916205
historical_monthly,2021-06-30,0,2021-07-01,2021-07-08,constant,0.0084114496441442,0.0058510136828581,0.002560435961286099,0.002560435961286099
historical_monthly,2021-06-30,0,2021-07-01,2021-07-08,rolling_20d_rms,0.0056250598367635,0.0058510136828581,-0.00022595384609460072,0.00022595384609460072
historical_monthly,2021-07-30,0,2021-08-02,2021-08-06,ridge_expanding,0.0068153396228233,0.0052337166216343,0.0015816230011890002,0.0015816230011890002
historical_monthly,2021-07-30,0,2021-08-02,2021-08-06,constant,0.0083878276839162,0.0052337166216343,0.0031541110622819004,0.0031541110622819004
historical_monthly,2021-07-30,0,2021-08-02,2021-08-06,rolling_20d_rms,0.0071402607874674,0.0052337166216343,0.0019065441658331003,0.0019065441658331003
historical_monthly,2021-08-31,0,2021-09-01,2021-09-08,ridge_expanding,0.0057723333803621,0.0021951642982326,0.0035771690821294997,0.0035771690821294997
historical_monthly,2021-08-31,0,2021-09-01,2021-09-08,constant,0.0083419744743143,0.0021951642982326,0.0061468101760817,0.0061468101760817
historical_monthly,2021-08-31,0,2021-09-01,2021-09-08,rolling_20d_rms,0.0052057168375347,0.0021951642982326,0.0030105525393020996,0.0030105525393020996
historical_monthly,2021-09-30,0,2021-10-01,2021-10-07,ridge_expanding,0.0096412154678023,0.0100647300058338,-0.0004235145380314994,0.0004235145380314994
historical_monthly,2021-09-30,0,2021-10-01,2021-10-07,constant,0.0083223674235307,0.0100647300058338,-0.0017423625823030989,0.0017423625823030989
historical_monthly,2021-09-30,0,2021-10-01,2021-10-07,rolling_20d_rms,0.0084003804650629,0.0100647300058338,-0.0016643495407708993,0.0016643495407708993
historical_monthly,2021-10-29,0,2021-11-01,2021-11-05,ridge_expanding,0.0063207499584417,0.0042516383041849,0.0020691116542568,0.0020691116542568
historical_monthly,2021-10-29,0,2021-11-01,2021-11-05,constant,0.0083133553911668,0.0042516383041849,0.0040617170869819,0.0040617170869819
historical_monthly,2021-10-29,0,2021-11-01,2021-11-05,rolling_20d_rms,0.0071214733362605,0.0042516383041849,0.0028698350320756003,0.0028698350320756003
historical_monthly,2021-11-30,0,2021-12-01,2021-12-07,ridge_expanding,0.0119524637765095,0.0140710189372249,-0.0021185551607153987,0.0021185551607153987
historical_monthly,2021-11-30,0,2021-12-01,2021-12-07,constant,0.0082768530725414,0.0140710189372249,-0.005794165864683499,0.005794165864683499
historical_monthly,2021-11-30,0,2021-12-01,2021-12-07,rolling_20d_rms,0.0081167641542196,0.0140710189372249,-0.0059542547830053,0.0059542547830053
historical_monthly,2021-12-31,0,2022-01-03,2022-01-07,ridge_expanding,0.0084711476778301,0.009229792428833,-0.0007586447510028998,0.0007586447510028998
historical_monthly,2021-12-31,0,2022-01-03,2022-01-07,constant,0.0083177762440579,0.009229792428833,-0.0009120161847750996,0.0009120161847750996
historical_monthly,2021-12-31,0,2022-01-03,2022-01-07,rolling_20d_rms,0.0102723935040522,0.009229792428833,0.0010426010752192013,0.0010426010752192013
historical_monthly,2022-01-31,0,2022-02-01,2022-02-07,ridge_expanding,0.0089021514912307,0.0121399084266109,-0.0032377569353802,0.0032377569353802
historical_monthly,2022-01-31,0,2022-02-01,2022-02-07,constant,0.0083353055260356,0.0121399084266109,-0.0038046029005753008,0.0038046029005753008
historical_monthly,2022-01-31,0,2022-02-01,2022-02-07,rolling_20d_rms,0.0117791552786061,0.0121399084266109,-0.00036075314800480124,0.00036075314800480124
historical_monthly,2022-02-28,0,2022-03-01,2022-03-07,ridge_expanding,0.0126916407967593,0.0176332138746983,-0.004941573077939002,0.004941573077939002
historical_monthly,2022-02-28,0,2022-03-01,2022-03-07,constant,0.008397401660429,0.0176332138746983,-0.009235812214269301,0.009235812214269301
historical_monthly,2022-02-28,0,2022-03-01,2022-03-07,rolling_20d_rms,0.0141035579018927,0.0176332138746983,-0.0035296559728056013,0.0035296559728056013
historical_monthly,2022-03-31,0,2022-04-01,2022-04-07,ridge_expanding,0.0145158044162365,0.0085863193756739,0.0059294850405626,0.0059294850405626
historical_monthly,2022-03-31,0,2022-04-01,2022-04-07,constant,0.0084740122166869,0.0085863193756739,-0.00011230715898699964,0.00011230715898699964
historical_monthly,2022-03-31,0,2022-04-01,2022-04-07,rolling_20d_rms,0.0145201291462485,0.0085863193756739,0.005933809770574601,0.005933809770574601
historical_monthly,2022-04-29,0,2022-05-02,2022-05-06,ridge_expanding,0.0183929008465653,0.0214588160333425,-0.0030659151867772003,0.0030659151867772003
historical_monthly,2022-04-29,0,2022-05-02,2022-05-06,constant,0.008523267166304,0.0214588160333425,-0.012935548867038502,0.012935548867038502
historical_monthly,2022-04-29,0,2022-05-02,2022-05-06,rolling_20d_rms,0.0160887408955073,0.0214588160333425,-0.0053700751378352,0.0053700751378352
historical_monthly,2022-05-31,0,2022-06-01,2022-06-07,ridge_expanding,0.0152894762167798,0.0126175826239355,0.0026718935928443013,0.0026718935928443013
historical_monthly,2022-05-31,0,2022-06-01,2022-06-07,constant,0.008655789316716,0.0126175826239355,-0.0039617933072195,0.0039617933072195
historical_monthly,2022-05-31,0,2022-06-01,2022-06-07,rolling_20d_rms,0.0197477383605735,0.0126175826239355,0.007130155736638,0.007130155736638
historical_monthly,2022-06-30,0,2022-07-01,2022-07-08,ridge_expanding,0.0153653932807431,0.0083342443095513,0.0070311489711918,0.0070311489711918
historical_monthly,2022-06-30,0,2022-07-01,2022-07-08,constant,0.0087692515688727,0.0083342443095513,0.00043500725932139883,0.00043500725932139883
historical_monthly,2022-06-30,0,2022-07-01,2022-07-08,rolling_20d_rms,0.0191626038798244,0.0083342443095513,0.0108283595702731,0.0108283595702731
historical_monthly,2022-07-29,0,2022-08-01,2022-08-05,ridge_expanding,0.008354305497616,0.0077118109270297,0.0006424945705863,0.0006424945705863
historical_monthly,2022-07-29,0,2022-08-01,2022-08-05,constant,0.0087976372970515,0.0077118109270297,0.0010858263700218003,0.0010858263700218003
historical_monthly,2022-07-29,0,2022-08-01,2022-08-05,rolling_20d_rms,0.0124992670720789,0.0077118109270297,0.0047874561450492,0.0047874561450492
historical_monthly,2022-08-31,0,2022-09-01,2022-09-08,ridge_expanding,0.0112678202853395,0.0099594113302041,0.0013084089551354,0.0013084089551354
historical_monthly,2022-08-31,0,2022-09-01,2022-09-08,constant,0.0088348704953865,0.0099594113302041,-0.001124540834817599,0.001124540834817599
historical_monthly,2022-08-31,0,2022-09-01,2022-09-08,rolling_20d_rms,0.0123747643581312,0.0099594113302041,0.0024153530279271,0.0024153530279271
historical_monthly,2022-09-30,0,2022-10-03,2022-10-07,ridge_expanding,0.0138198444435904,0.0224658729840826,-0.008646028540492201,0.008646028540492201
historical_monthly,2022-09-30,0,2022-10-03,2022-10-07,constant,0.0088952804976142,0.0224658729840826,-0.013570592486468401,0.013570592486468401
historical_monthly,2022-09-30,0,2022-10-03,2022-10-07,rolling_20d_rms,0.0158915207826961,0.0224658729840826,-0.0065743522013865,0.0065743522013865
historical_monthly,2022-10-31,0,2022-11-01,2022-11-07,ridge_expanding,0.0130703746363161,0.0146096587969031,-0.0015392841605870004,0.0015392841605870004
historical_monthly,2022-10-31,0,2022-11-01,2022-11-07,constant,0.0089883243788192,0.0146096587969031,-0.0056213344180838995,0.0056213344180838995
historical_monthly,2022-10-31,0,2022-11-01,2022-11-07,rolling_20d_rms,0.016930537768476,0.0146096587969031,0.0023208789715729004,0.0023208789715729004
historical_monthly,2022-11-30,0,2022-12-01,2022-12-07,ridge_expanding,0.0109846355414779,0.0104414912911502,0.0005431442503277002,0.0005431442503277002
historical_monthly,2022-11-30,0,2022-12-01,2022-12-07,constant,0.0090503976529172,0.0104414912911502,-0.0013910936382330007,0.0013910936382330007
historical_monthly,2022-11-30,0,2022-12-01,2022-12-07,rolling_20d_rms,0.0175410906636786,0.0104414912911502,0.0070995993725284,0.0070995993725284
historical_monthly,2022-12-30,0,2023-01-03,2023-01-09,ridge_expanding,0.0106957024162903,0.0120257322539072,-0.0013300298376168994,0.0013300298376168994
historical_monthly,2022-12-30,0,2023-01-03,2023-01-09,constant,0.009085943565059,0.0120257322539072,-0.0029397886888481994,0.0029397886888481994
historical_monthly,2022-12-30,0,2023-01-03,2023-01-09,rolling_20d_rms,0.0117266393801145,0.0120257322539072,-0.00029909287379270046,0.00029909287379270046
historical_monthly,2023-01-31,0,2023-02-01,2023-02-07,ridge_expanding,0.0078932683623043,0.0113245619169232,-0.0034312935546188996,0.0034312935546188996
historical_monthly,2023-01-31,0,2023-02-01,2023-02-07,constant,0.0090984975022502,0.0113245619169232,-0.002226064414672999,0.002226064414672999
historical_monthly,2023-01-31,0,2023-02-01,2023-02-07,rolling_20d_rms,0.0106055188790261,0.0113245619169232,-0.0007190430378970995,0.0007190430378970995
historical_monthly,2023-02-28,0,2023-03-01,2023-03-07,ridge_expanding,0.0089732574591123,0.0106492969750513,-0.0016760395159389988,0.0016760395159389988
historical_monthly,2023-02-28,0,2023-03-01,2023-03-07,constant,0.009107717704916,0.0106492969750513,-0.001541579270135299,0.001541579270135299
historical_monthly,2023-02-28,0,2023-03-01,2023-03-07,rolling_20d_rms,0.0099577542718958,0.0106492969750513,-0.000691542703155499,0.000691542703155499
historical_monthly,2023-03-31,0,2023-04-03,2023-04-10,ridge_expanding,0.0088625244985505,0.0037013845365118,0.005161139962038699,0.005161139962038699
historical_monthly,2023-03-31,0,2023-04-03,2023-04-10,constant,0.0091250948936893,0.0037013845365118,0.005423710357177499,0.005423710357177499
historical_monthly,2023-03-31,0,2023-04-03,2023-04-10,rolling_20d_rms,0.0114127718879674,0.0037013845365118,0.007711387351455599,0.007711387351455599
historical_monthly,2023-04-28,0,2023-05-01,2023-05-05,ridge_expanding,0.0068067202141828,0.0106134472854776,-0.0038067270712948,0.0038067270712948
historical_monthly,2023-04-28,0,2023-05-01,2023-05-05,constant,0.0091010411854238,0.0106134472854776,-0.0015124061000537994,0.0015124061000537994
historical_monthly,2023-04-28,0,2023-05-01,2023-05-05,rolling_20d_rms,0.0078772955369732,0.0106134472854776,-0.0027361517485044,0.0027361517485044
historical_monthly,2023-05-31,0,2023-06-01,2023-06-07,ridge_expanding,0.0088305974402813,0.007949420971212,0.0008811764690692999,0.0008811764690692999
historical_monthly,2023-05-31,0,2023-06-01,2023-06-07,constant,0.0090915252892897,0.007949420971212,0.0011421043180776993,0.0011421043180776993
historical_monthly,2023-05-31,0,2023-06-01,2023-06-07,rolling_20d_rms,0.0078363565277136,0.007949420971212,-0.00011306444349840072,0.00011306444349840072
historical_monthly,2023-06-30,0,2023-07-03,2023-07-10,ridge_expanding,0.0049268254167861,0.0039527560626663,0.0009740693541197996,0.0009740693541197996
historical_monthly,2023-06-30,0,2023-07-03,2023-07-10,constant,0.009069091727385,0.0039527560626663,0.005116335664718701,0.005116335664718701
historical_monthly,2023-06-30,0,2023-07-03,2023-07-10,rolling_20d_rms,0.0069597653262662,0.0039527560626663,0.0030070092635999003,0.0030070092635999003
historical_monthly,2023-07-31,0,2023-08-01,2023-08-07,ridge_expanding,0.0052860896727519,0.0078582217143346,-0.0025721320415827004,0.0025721320415827004
historical_monthly,2023-07-31,0,2023-08-01,2023-08-07,constant,0.0090344601866378,0.0078582217143346,0.0011762384723031996,0.0011762384723031996
historical_monthly,2023-07-31,0,2023-08-01,2023-08-07,rolling_20d_rms,0.005156121945004,0.0078582217143346,-0.0027020997693306004,0.0027020997693306004
historical_monthly,2023-08-31,0,2023-09-01,2023-09-08,ridge_expanding,0.007892228669839,0.0039862192182356,0.0039060094516034,0.0039060094516034
historical_monthly,2023-08-31,0,2023-09-01,2023-09-08,constant,0.009016810927498,0.0039862192182356,0.005030591709262401,0.005030591709262401
historical_monthly,2023-08-31,0,2023-09-01,2023-09-08,rolling_20d_rms,0.0074909573431461,0.0039862192182356,0.0035047381249105006,0.0035047381249105006
historical_monthly,2023-09-29,0,2023-10-02,2023-10-06,ridge_expanding,0.0066346225390011,0.008647262915456,-0.0020126403764549007,0.0020126403764549007
historical_monthly,2023-09-29,0,2023-10-02,2023-10-06,constant,0.0089978992141559,0.008647262915456,0.00035063629869989954,0.00035063629869989954
historical_monthly,2023-09-29,0,2023-10-02,2023-10-06,rolling_20d_rms,0.0071540154574275,0.008647262915456,-0.0014932474580285002,0.0014932474580285002
historical_monthly,2023-10-31,0,2023-11-01,2023-11-07,ridge_expanding,0.0079537754777388,0.0106651513767296,-0.0027113758989908004,0.0027113758989908004
historical_monthly,2023-10-31,0,2023-11-01,2023-11-07,constant,0.0089909187795163,0.0106651513767296,-0.0016742325972133008,0.0016742325972133008
historical_monthly,2023-10-31,0,2023-11-01,2023-11-07,rolling_20d_rms,0.0085839682852064,0.0106651513767296,-0.002081183091523201,0.002081183091523201
historical_monthly,2023-11-30,0,2023-12-01,2023-12-07,ridge_expanding,0.0078007148201531,0.0052272039307142,0.0025735108894389003,0.0025735108894389003
historical_monthly,2023-11-30,0,2023-12-01,2023-12-07,constant,0.0089780964719601,0.0052272039307142,0.003750892541245901,0.003750892541245901
historical_monthly,2023-11-30,0,2023-12-01,2023-12-07,rolling_20d_rms,0.0078561350371998,0.0052272039307142,0.002628931106485601,0.002628931106485601
historical_monthly,2023-12-29,0,2024-01-02,2024-01-08,ridge_expanding,0.006284037994332,0.0078987987573012,-0.0016147607629691998,0.0016147607629691998
historical_monthly,2023-12-29,0,2024-01-02,2024-01-08,constant,0.0089512242493111,0.0078987987573012,0.0010524254920099008,0.0010524254920099008
historical_monthly,2023-12-29,0,2024-01-02,2024-01-08,rolling_20d_rms,0.0062330123890722,0.0078987987573012,-0.0016657863682289992,0.0016657863682289992
historical_monthly,2024-01-31,0,2024-02-01,2024-02-07,ridge_expanding,0.0095260525944426,0.0085960033955654,0.0009300491988771999,0.0009300491988771999
historical_monthly,2024-01-31,0,2024-02-01,2024-02-07,constant,0.0089221411102702,0.0085960033955654,0.0003261377147048012,0.0003261377147048012
historical_monthly,2024-01-31,0,2024-02-01,2024-02-07,rolling_20d_rms,0.0069655308717974,0.0085960033955654,-0.0016304725237679995,0.0016304725237679995
historical_monthly,2024-02-29,0,2024-03-01,2024-03-07,ridge_expanding,0.006382002752509,0.0079053327268347,-0.0015233299743256995,0.0015233299743256995
historical_monthly,2024-02-29,0,2024-03-01,2024-03-07,constant,0.0089162296281266,0.0079053327268347,0.0010108969012919012,0.0010108969012919012
historical_monthly,2024-02-29,0,2024-03-01,2024-03-07,rolling_20d_rms,0.0078497016925763,0.0079053327268347,-5.563103425839863e-05,5.563103425839863e-05
historical_monthly,2024-03-28,0,2024-04-01,2024-04-05,ridge_expanding,0.0063027872304795,0.0077942883062469,-0.0014915010757674003,0.0014915010757674003
historical_monthly,2024-03-28,0,2024-04-01,2024-04-05,constant,0.0088905215247918,0.0077942883062469,0.0010962332185449003,0.0010962332185449003
historical_monthly,2024-03-28,0,2024-04-01,2024-04-05,rolling_20d_rms,0.0061806736031877,0.0077942883062469,-0.0016136147030592005,0.0016136147030592005
historical_monthly,2024-04-30,0,2024-05-01,2024-05-07,ridge_expanding,0.0086952233729799,0.0084354309831848,0.0002597923897951007,0.0002597923897951007
historical_monthly,2024-04-30,0,2024-05-01,2024-05-07,constant,0.0088783220893383,0.0084354309831848,0.0004428911061535,0.0004428911061535
historical_monthly,2024-04-30,0,2024-05-01,2024-05-07,rolling_20d_rms,0.0086185281331522,0.0084354309831848,0.00018309714996739973,0.00018309714996739973
historical_monthly,2024-05-31,0,2024-06-03,2024-06-07,ridge_expanding,0.006105998020897,0.0053476371338108,0.0007583608870862001,0.0007583608870862001
historical_monthly,2024-05-31,0,2024-06-03,2024-06-07,constant,0.0088543223180558,0.0053476371338108,0.003506685184245,0.003506685184245
historical_monthly,2024-05-31,0,2024-06-03,2024-06-07,rolling_20d_rms,0.0061692753669999,0.0053476371338108,0.0008216382331891004,0.0008216382331891004
historical_monthly,2024-06-28,0,2024-07-01,2024-07-08,ridge_expanding,0.0058679594198115,0.0045481962259863,0.0013197631938251997,0.0013197631938251997
historical_monthly,2024-06-28,0,2024-07-01,2024-07-08,constant,0.0088206559990506,0.0045481962259863,0.004272459773064299,0.004272459773064299
historical_monthly,2024-06-28,0,2024-07-01,2024-07-08,rolling_20d_rms,0.0046650462829261,0.0045481962259863,0.00011685005693980004,0.00011685005693980004
historical_monthly,2024-07-31,0,2024-08-01,2024-08-07,ridge_expanding,0.0082660213402566,0.0176600751845643,-0.009394053844307698,0.009394053844307698
historical_monthly,2024-07-31,0,2024-08-01,2024-08-07,constant,0.0088104434446703,0.0176600751845643,-0.008849631739893999,0.008849631739893999
historical_monthly,2024-07-31,0,2024-08-01,2024-08-07,rolling_20d_rms,0.0091734750716411,0.0176600751845643,-0.008486600112923199,0.008486600112923199
historical_monthly,2024-08-30,0,2024-09-03,2024-09-09,ridge_expanding,0.0099710898230101,0.0130734477855052,-0.0031023579624950993,0.0031023579624950993
historical_monthly,2024-08-30,0,2024-09-03,2024-09-09,constant,0.008832661773304,0.0130734477855052,-0.0042407860122012,0.0042407860122012
historical_monthly,2024-08-30,0,2024-09-03,2024-09-09,rolling_20d_rms,0.01123633530699,0.0130734477855052,-0.0018371124785151998,0.0018371124785151998
historical_monthly,2024-09-30,0,2024-10-01,2024-10-07,ridge_expanding,0.007613120110731,0.0070543994533346,0.0005587206573963999,0.0005587206573963999
historical_monthly,2024-09-30,0,2024-10-01,2024-10-07,constant,0.0088266655628852,0.0070543994533346,0.0017722661095505993,0.0017722661095505993
historical_monthly,2024-09-30,0,2024-10-01,2024-10-07,rolling_20d_rms,0.0084516745400292,0.0070543994533346,0.0013972750866945993,0.0013972750866945993
historical_monthly,2024-10-31,0,2024-11-01,2024-11-07,ridge_expanding,0.0105698857256324,0.0128798021867686,-0.002309916461136199,0.002309916461136199
historical_monthly,2024-10-31,0,2024-11-01,2024-11-07,constant,0.0087965990792618,0.0128798021867686,-0.004083203107506799,0.004083203107506799
historical_monthly,2024-10-31,0,2024-11-01,2024-11-07,rolling_20d_rms,0.0070898521215815,0.0128798021867686,-0.0057899500651871,0.0057899500651871
historical_monthly,2024-11-29,0,2024-12-02,2024-12-06,ridge_expanding,0.0062411667782801,0.00309971396243,0.0031414528158501005,0.0031414528158501005
historical_monthly,2024-11-29,0,2024-12-02,2024-12-06,constant,0.0087887157047869,0.00309971396243,0.0056890017423569,0.0056890017423569
historical_monthly,2024-11-29,0,2024-12-02,2024-12-06,rolling_20d_rms,0.0078144029754117,0.00309971396243,0.004714689012981699,0.004714689012981699
historical_monthly,2024-12-31,0,2025-01-02,2025-01-08,ridge_expanding,0.0085064318435303,0.0080600524225193,0.00044637942101099885,0.00044637942101099885
historical_monthly,2024-12-31,0,2025-01-02,2025-01-08,constant,0.0087785018612491,0.0080600524225193,0.0007184494387297985,0.0007184494387297985
historical_monthly,2024-12-31,0,2025-01-02,2025-01-08,rolling_20d_rms,0.0091524781550634,0.0080600524225193,0.0010924257325440993,0.0010924257325440993
historical_monthly,2025-01-31,0,2025-02-03,2025-02-07,ridge_expanding,0.0080421821002664,0.0063759913930324,0.0016661907072339993,0.0016661907072339993
historical_monthly,2025-01-31,0,2025-02-03,2025-02-07,constant,0.0087786188331384,0.0063759913930324,0.0024026274401060003,0.0024026274401060003
historical_monthly,2025-01-31,0,2025-02-03,2025-02-07,rolling_20d_rms,0.0086613345260966,0.0063759913930324,0.0022853431330642,0.0022853431330642
historical_monthly,2025-02-28,0,2025-03-03,2025-03-07,ridge_expanding,0.0069013580483216,0.01356840414594,-0.006667046097618401,0.006667046097618401
historical_monthly,2025-02-28,0,2025-03-03,2025-03-07,constant,0.0087643044422477,0.01356840414594,-0.0048040997036923,0.0048040997036923
historical_monthly,2025-02-28,0,2025-03-03,2025-03-07,rolling_20d_rms,0.0079767405957258,0.01356840414594,-0.005591663550214201,0.005591663550214201
historical_monthly,2025-03-31,0,2025-04-01,2025-04-07,ridge_expanding,0.0106807350997628,0.0353388427267145,-0.024658107626951704,0.024658107626951704
historical_monthly,2025-03-31,0,2025-04-01,2025-04-07,constant,0.008798325445487,0.0353388427267145,-0.026540517281227503,0.026540517281227503
historical_monthly,2025-03-31,0,2025-04-01,2025-04-07,rolling_20d_rms,0.012779771172397,0.0353388427267145,-0.0225590715543175,0.0225590715543175
historical_monthly,2025-04-30,0,2025-05-01,2025-05-07,ridge_expanding,0.023163510066921,0.0088105092924851,0.014353000774435902,0.014353000774435902
historical_monthly,2025-04-30,0,2025-05-01,2025-05-07,constant,0.008954725440372,0.0088105092924851,0.00014421614788689974,0.00014421614788689974
historical_monthly,2025-04-30,0,2025-05-01,2025-05-07,rolling_20d_rms,0.0327024236120453,0.0088105092924851,0.023891914319560198,0.023891914319560198
historical_monthly,2025-05-30,0,2025-06-02,2025-06-06,ridge_expanding,0.008615840091587,0.006193602645321,0.0024222374462659997,0.0024222374462659997
historical_monthly,2025-05-30,0,2025-06-02,2025-06-06,constant,0.008962747904344,0.006193602645321,0.0027691452590230007,0.0027691452590230007
historical_monthly,2025-05-30,0,2025-06-02,2025-06-06,rolling_20d_rms,0.0108996686708421,0.006193602645321,0.0047060660255211,0.0047060660255211
historical_monthly,2025-06-30,0,2025-07-01,2025-07-08,ridge_expanding,0.0055817401775555,0.0052619873548638,0.0003197528226916999,0.0003197528226916999
historical_monthly,2025-06-30,0,2025-07-01,2025-07-08,constant,0.0089449280464074,0.0052619873548638,0.0036829406915436,0.0036829406915436
historical_monthly,2025-06-30,0,2025-07-01,2025-07-08,rolling_20d_rms,0.0065932724060857,0.0052619873548638,0.0013312850512218997,0.0013312850512218997
historical_monthly,2025-07-31,0,2025-08-01,2025-08-07,ridge_expanding,0.006032543908948,0.0108208106188986,-0.004788266709950599,0.004788266709950599
historical_monthly,2025-07-31,0,2025-08-01,2025-08-07,constant,0.0089060547790767,0.0108208106188986,-0.0019147558398218984,0.0019147558398218984
historical_monthly,2025-07-31,0,2025-08-01,2025-08-07,rolling_20d_rms,0.0042475506167515,0.0108208106188986,-0.006573260002147099,0.006573260002147099
historical_monthly,2025-08-29,0,2025-09-02,2025-09-08,ridge_expanding,0.0073067565934881,0.0058005963682079,0.0015061602252802002,0.0015061602252802002
historical_monthly,2025-08-29,0,2025-09-02,2025-09-08,constant,0.0088903880796835,0.0058005963682079,0.0030897917114756004,0.0030897917114756004
historical_monthly,2025-08-29,0,2025-09-02,2025-09-08,rolling_20d_rms,0.0066386005340771,0.0058005963682079,0.0008380041658692002,0.0008380041658692002
historical_monthly,2025-09-30,0,2025-10-01,2025-10-07,ridge_expanding,0.0047953441276709,0.0028109900045957,0.0019843541230752,0.0019843541230752
historical_monthly,2025-09-30,0,2025-10-01,2025-10-07,constant,0.0088575043933955,0.0028109900045957,0.006046514388799801,0.006046514388799801
historical_monthly,2025-09-30,0,2025-10-01,2025-10-07,rolling_20d_rms,0.0045343895973852,0.0028109900045957,0.0017233995927895002,0.0017233995927895002
historical_monthly,2025-10-31,0,2025-11-03,2025-11-07,ridge_expanding,0.0075771901633732,0.0074163163028253,0.00016087386054790005,0.00016087386054790005
historical_monthly,2025-10-31,0,2025-11-03,2025-11-07,constant,0.0088456745563177,0.0074163163028253,0.0014293582534924002,0.0014293582534924002
historical_monthly,2025-10-31,0,2025-11-03,2025-11-07,rolling_20d_rms,0.009127270814357,0.0074163163028253,0.0017109545115317005,0.0017109545115317005
historical_monthly,2025-11-28,0,2025-12-01,2025-12-05,ridge_expanding,0.0075510603961424,0.002844230356731,0.0047068300394114,0.0047068300394114
historical_monthly,2025-11-28,0,2025-12-01,2025-12-05,constant,0.0088478479201675,0.002844230356731,0.0060036175634365,0.0060036175634365
historical_monthly,2025-11-28,0,2025-12-01,2025-12-05,rolling_20d_rms,0.0092111328689623,0.002844230356731,0.0063669025122313,0.0063669025122313
historical_monthly,2025-12-31,0,2026-01-02,2026-01-08,ridge_expanding,0.005857630548275,0.0043130547790213,0.0015445757692537,0.0015445757692537
historical_monthly,2025-12-31,0,2026-01-02,2026-01-08,constant,0.0088195079334543,0.0043130547790213,0.004506453154433001,0.004506453154433001
historical_monthly,2025-12-31,0,2026-01-02,2026-01-08,rolling_20d_rms,0.0054921951899367,0.0043130547790213,0.0011791404109154002,0.0011791404109154002
historical_monthly,2026-01-30,0,2026-02-02,2026-02-06,ridge_expanding,0.0130791590665998,0.011307877774779,0.0017712812918207997,0.0017712812918207997
historical_monthly,2026-01-30,0,2026-02-02,2026-02-06,constant,0.0087979036826223,0.011307877774779,-0.0025099740921567006,0.0025099740921567006
historical_monthly,2026-01-30,0,2026-02-02,2026-02-06,rolling_20d_rms,0.0063702344214569,0.011307877774779,-0.0049376433533221,0.0049376433533221
historical_monthly,2026-02-27,0,2026-03-02,2026-03-06,ridge_expanding,0.0093395755790368,0.0081666621131731,0.0011729134658637012,0.0011729134658637012
historical_monthly,2026-02-27,0,2026-03-02,2026-03-06,constant,0.0087900613749394,0.0081666621131731,0.0006233992617663015,0.0006233992617663015
historical_monthly,2026-02-27,0,2026-03-02,2026-03-06,rolling_20d_rms,0.0080332933882817,0.0081666621131731,-0.00013336872489139867,0.00013336872489139867
historical_monthly,2026-03-31,0,2026-04-01,2026-04-08,ridge_expanding,0.0094497974525182,0.0119343410547957,-0.002484543602277501,0.002484543602277501
historical_monthly,2026-03-31,0,2026-04-01,2026-04-08,constant,0.0087939336219266,0.0119343410547957,-0.0031404074328690995,0.0031404074328690995
historical_monthly,2026-03-31,0,2026-04-01,2026-04-08,rolling_20d_rms,0.01167663722695,0.0119343410547957,-0.00025770382784569973,0.00025770382784569973
april_fixed_origin,2026-04-30,0,2026-05-01,2026-05-07,ridge_expanding,0.0076835068901637,0.0075489299648262,0.00013457692533750017,0.00013457692533750017
april_fixed_origin,2026-04-30,0,2026-05-01,2026-05-07,constant,0.0088022343335031,0.0075489299648262,0.0012533043686768991,0.0012533043686768991
april_fixed_origin,2026-04-30,0,2026-05-01,2026-05-07,rolling_20d_rms,0.0086339070823743,0.0075489299648262,0.0010849771175480997,0.0010849771175480997
april_fixed_origin,2026-04-30,21,2026-06-02,2026-06-08,ridge_expanding,0.0082986573021032,0.0122841532362053,-0.0039854959341021,0.0039854959341021
april_fixed_origin,2026-04-30,21,2026-06-02,2026-06-08,constant,0.0088290265346296,0.0122841532362053,-0.0034551267015756996,0.0034551267015756996
april_fixed_origin,2026-04-30,21,2026-06-02,2026-06-08,rolling_20d_rms,0.0086339070823743,0.0122841532362053,-0.0036502461538309994,0.0036502461538309994
april_fixed_origin,2026-04-30,43,2026-07-06,2026-07-10,ridge_expanding,0.0087933821907673,0.0062821475898267,0.0025112346009406004,0.0025112346009406004
april_fixed_origin,2026-04-30,43,2026-07-06,2026-07-10,constant,0.0088350971722191,0.0062821475898267,0.0025529495823924005,0.0025529495823924005
april_fixed_origin,2026-04-30,43,2026-07-06,2026-07-10,rolling_20d_rms,0.0086339070823743,0.0062821475898267,0.0023517594925476,0.0023517594925476
april_fixed_origin,2026-04-30,63,2026-08-03,2026-08-07,ridge_expanding,0.0087409997863249,0.0106114337846454,-0.0018704339983205004,0.0018704339983205004
april_fixed_origin,2026-04-30,63,2026-08-03,2026-08-07,constant,0.0088561869919175,0.0106114337846454,-0.001755246792727901,0.001755246792727901
april_fixed_origin,2026-04-30,63,2026-08-03,2026-08-07,rolling_20d_rms,0.0086339070823743,0.0106114337846454,-0.001977526702271101,0.001977526702271101
september_retrospective,2026-08-31,0,2026-09-01,2026-09-08,ridge_expanding,0.0075597857714649,0.006645641369066,0.0009141444023989002,0.0009141444023989002
september_retrospective,2026-08-31,0,2026-09-01,2026-09-08,constant,0.0087654024895699,0.006645641369066,0.0021197611205039006,0.0021197611205039006
september_retrospective,2026-08-31,0,2026-09-01,2026-09-08,rolling_20d_rms,0.0057799763196109,0.006645641369066,-0.0008656650494550996,0.0008656650494550996
