target_month,target_start,target_end,method,forecast_decimal,actual_decimal,error,absolute_error,status
2026-09,2026-09-01,2026-09-08,constant,0.0087654068063243006,0.0066456413690660649,0.0021197654372582357,0.0021197654372582357,Retrospective: computed after outcomes were known; reconstructed input
2026-09,2026-09-01,2026-09-08,rolling_20d_rms,0.0057799652446967999,0.0066456413690660649,-0.00086567612436926501,0.00086567612436926501,Retrospective: computed after outcomes were known; reconstructed input
2026-09,2026-09-01,2026-09-08,ridge_expanding,0.0075597878834741004,0.0066456413690660649,0.00091414651440803549,0.00091414651440803549,Retrospective: computed after outcomes were known; reconstructed input
2026-09,2026-09-01,2026-09-08,ewma,0.0043189250248301999,0.0066456413690660649,-0.002326716344235865,0.002326716344235865,Retrospective: computed after outcomes were known; reconstructed input
2026-09,2026-09-01,2026-09-08,ridge_ewma,0.0064366109933935,0.0066456413690660649,-0.00020903037567256491,0.00020903037567256491,Retrospective: computed after outcomes were known; reconstructed input
2026-10,2026-10-01,2026-10-07,constant,0.0087911517823477999,0.0052625406811940643,0.0035286111011537356,0.0035286111011537356,Retrospective: computed after outcomes were known; reconstructed input
2026-10,2026-10-01,2026-10-07,rolling_20d_rms,0.0057799652446967999,0.0052625406811940643,0.00051742456350273563,0.00051742456350273563,Retrospective: computed after outcomes were known; reconstructed input
2026-10,2026-10-01,2026-10-07,ridge_expanding,0.0081176114034208994,0.0052625406811940643,0.0028550707222268351,0.0028550707222268351,Retrospective: computed after outcomes were known; reconstructed input
2026-10,2026-10-01,2026-10-07,ewma,0.0043189250248301999,0.0052625406811940643,-0.00094361565636386438,0.00094361565636386438,Retrospective: computed after outcomes were known; reconstructed input
2026-10,2026-10-01,2026-10-07,ridge_ewma,0.0076222925287225997,0.0052625406811940643,0.0023597518475285354,0.0023597518475285354,Retrospective: computed after outcomes were known; reconstructed input
