target_month,return_anchor_date,target_start,target_end,gap_sessions,status,information_cutoff,asset,method,forecast_decimal,horizon_sessions,created_at_utc,cutoff_label
2026-09,2026-08-31,2026-09-01,2026-09-08,0,retrospective_created_after_anchor,2026-08-31,SPY,constant,0.0087654068063243006,5,2026-10-08T05:11:46.884689+00:00,August 31 reconstructed
2026-09,2026-08-31,2026-09-01,2026-09-08,0,retrospective_created_after_anchor,2026-08-31,SPY,rolling_20d_rms,0.0057799652446967999,5,2026-10-08T05:11:46.884689+00:00,August 31 reconstructed
2026-09,2026-08-31,2026-09-01,2026-09-08,0,retrospective_created_after_anchor,2026-08-31,SPY,ridge_expanding,0.0075597878834741004,5,2026-10-08T05:11:46.884689+00:00,August 31 reconstructed
2026-09,2026-08-31,2026-09-01,2026-09-08,0,retrospective_created_after_anchor,2026-08-31,SPY,ewma,0.0043189250248301999,5,2026-10-08T05:11:46.884689+00:00,August 31 reconstructed
2026-09,2026-08-31,2026-09-01,2026-09-08,0,retrospective_created_after_anchor,2026-08-31,SPY,ridge_ewma,0.0064366109933935,5,2026-10-08T05:11:46.884689+00:00,August 31 reconstructed
2026-10,2026-09-30,2026-10-01,2026-10-07,21,retrospective_created_after_anchor,2026-08-31,SPY,constant,0.0087911517823477999,5,2026-10-08T05:11:46.884689+00:00,August 31 reconstructed
2026-10,2026-09-30,2026-10-01,2026-10-07,21,retrospective_created_after_anchor,2026-08-31,SPY,rolling_20d_rms,0.0057799652446967999,5,2026-10-08T05:11:46.884689+00:00,August 31 reconstructed
2026-10,2026-09-30,2026-10-01,2026-10-07,21,retrospective_created_after_anchor,2026-08-31,SPY,ridge_expanding,0.0081176114034208994,5,2026-10-08T05:11:46.884689+00:00,August 31 reconstructed
2026-10,2026-09-30,2026-10-01,2026-10-07,21,retrospective_created_after_anchor,2026-08-31,SPY,ewma,0.0043189250248301999,5,2026-10-08T05:11:46.884689+00:00,August 31 reconstructed
2026-10,2026-09-30,2026-10-01,2026-10-07,21,retrospective_created_after_anchor,2026-08-31,SPY,ridge_ewma,0.0076222925287225997,5,2026-10-08T05:11:46.884689+00:00,August 31 reconstructed
2026-11,2026-10-30,2026-11-02,2026-11-06,43,prospective_pending_publication,2026-08-31,SPY,constant,0.0087967536496606994,5,2026-10-08T05:11:46.884689+00:00,August 31 reconstructed
2026-11,2026-10-30,2026-11-02,2026-11-06,43,prospective_pending_publication,2026-08-31,SPY,rolling_20d_rms,0.0057799652446967999,5,2026-10-08T05:11:46.884689+00:00,August 31 reconstructed
2026-11,2026-10-30,2026-11-02,2026-11-06,43,prospective_pending_publication,2026-08-31,SPY,ridge_expanding,0.0084176653415530996,5,2026-10-08T05:11:46.884689+00:00,August 31 reconstructed
2026-11,2026-10-30,2026-11-02,2026-11-06,43,prospective_pending_publication,2026-08-31,SPY,ewma,0.0043189250248301999,5,2026-10-08T05:11:46.884689+00:00,August 31 reconstructed
2026-11,2026-10-30,2026-11-02,2026-11-06,43,prospective_pending_publication,2026-08-31,SPY,ridge_ewma,0.0083891243032045999,5,2026-10-08T05:11:46.884689+00:00,August 31 reconstructed
2026-12,2026-11-30,2026-12-01,2026-12-07,63,prospective_pending_publication,2026-08-31,SPY,constant,0.0088169514266552007,5,2026-10-08T05:11:46.884689+00:00,August 31 reconstructed
2026-12,2026-11-30,2026-12-01,2026-12-07,63,prospective_pending_publication,2026-08-31,SPY,rolling_20d_rms,0.0057799652446967999,5,2026-10-08T05:11:46.884689+00:00,August 31 reconstructed
2026-12,2026-11-30,2026-12-01,2026-12-07,63,prospective_pending_publication,2026-08-31,SPY,ridge_expanding,0.0087006754440937997,5,2026-10-08T05:11:46.884689+00:00,August 31 reconstructed
2026-12,2026-11-30,2026-12-01,2026-12-07,63,prospective_pending_publication,2026-08-31,SPY,ewma,0.0043189250248301999,5,2026-10-08T05:11:46.884689+00:00,August 31 reconstructed
2026-12,2026-11-30,2026-12-01,2026-12-07,63,prospective_pending_publication,2026-08-31,SPY,ridge_ewma,0.0085669904444631,5,2026-10-08T05:11:46.884689+00:00,August 31 reconstructed
2026-11,2026-10-30,2026-11-02,2026-11-06,17,prospective_pending_publication,2026-10-07,SPY,constant,0.0087655494109845997,5,2026-10-08T05:11:52.961509+00:00,October 7
2026-11,2026-10-30,2026-11-02,2026-11-06,17,prospective_pending_publication,2026-10-07,SPY,rolling_20d_rms,0.0063976102540151004,5,2026-10-08T05:11:52.961509+00:00,October 7
2026-11,2026-10-30,2026-11-02,2026-11-06,17,prospective_pending_publication,2026-10-07,SPY,ridge_expanding,0.0078793786814448999,5,2026-10-08T05:11:52.961509+00:00,October 7
2026-11,2026-10-30,2026-11-02,2026-11-06,17,prospective_pending_publication,2026-10-07,SPY,ewma,0.0052872477942832998,5,2026-10-08T05:11:52.961509+00:00,October 7
2026-11,2026-10-30,2026-11-02,2026-11-06,17,prospective_pending_publication,2026-10-07,SPY,ridge_ewma,0.0074300974455631004,5,2026-10-08T05:11:52.961509+00:00,October 7
2026-12,2026-11-30,2026-12-01,2026-12-07,37,prospective_pending_publication,2026-10-07,SPY,constant,0.0087665457679011998,5,2026-10-08T05:11:52.961509+00:00,October 7
2026-12,2026-11-30,2026-12-01,2026-12-07,37,prospective_pending_publication,2026-10-07,SPY,rolling_20d_rms,0.0063976102540151004,5,2026-10-08T05:11:52.961509+00:00,October 7
2026-12,2026-11-30,2026-12-01,2026-12-07,37,prospective_pending_publication,2026-10-07,SPY,ridge_expanding,0.0083251623925577004,5,2026-10-08T05:11:52.961509+00:00,October 7
2026-12,2026-11-30,2026-12-01,2026-12-07,37,prospective_pending_publication,2026-10-07,SPY,ewma,0.0052872477942832998,5,2026-10-08T05:11:52.961509+00:00,October 7
2026-12,2026-11-30,2026-12-01,2026-12-07,37,prospective_pending_publication,2026-10-07,SPY,ridge_ewma,0.0081694913484044,5,2026-10-08T05:11:52.961509+00:00,October 7
